order_id,order_date,customer_id,status_value,method_name,cost
1,2022-09-05 23:04:39,509,Order Received,Express,11.9
2,2024-07-20 07:23:35,709,Order Received,International,24.5
3,2024-02-29 17:52:16,821,Order Received,Priority,8.9
4,2023-12-11 22:07:06,995,Order Received,Standard,5.9
5,2023-04-13 08:30:42,1134,Order Received,Express,11.9
6,2024-08-14 23:45:46,1141,Order Received,Standard,5.9
7,2023-02-03 03:59:37,1771,Order Received,Priority,8.9
8,2023-12-05 19:06:49,818,Order Received,Standard,5.9
9,2023-08-14 04:19:26,929,Order Received,Standard,5.9
10,2022-03-02 19:14:03,1606,Order Received,Express,11.9
11,2024-05-30 03:38:22,344,Order Received,Priority,8.9
12,2023-02-12 05:08:39,1267,Order Received,Express,11.9
13,2023-04-18 06:05:19,1283,Order Received,Priority,8.9
14,2023-05-05 10:29:31,1861,Order Received,Express,11.9
15,2022-08-19 13:39:11,160,Order Received,Express,11.9
16,2023-09-25 10:05:11,287,Order Received,Express,11.9
17,2024-01-13 09:52:01,985,Order Received,Standard,5.9
18,2022-11-07 13:48:03,1290,Order Received,Priority,8.9
19,2024-08-28 18:30:49,1790,Order Received,International,24.5
20,2024-09-03 00:39:27,37,Order Received,International,24.5
21,2023-09-02 02:58:32,1689,Order Received,Priority,8.9
22,2022-06-10 15:43:13,1893,Order Received,Standard,5.9
23,2023-02-21 21:00:34,554,Order Received,Standard,5.9
24,2023-07-16 06:47:56,1140,Order Received,Priority,8.9
25,2024-09-26 01:11:50,1523,Order Received,Express,11.9
26,2022-12-18 22:39:43,1702,Order Received,Express,11.9
27,2023-06-27 00:54:15,1478,Order Received,Express,11.9
28,2022-05-03 18:19:27,597,Order Received,Standard,5.9
29,2022-10-28 17:07:44,1227,Order Received,Express,11.9
30,2024-06-04 05:38:04,251,Order Received,Express,11.9
31,2023-06-19 13:59:52,1497,Order Received,International,24.5
32,2023-10-19 12:21:05,1173,Order Received,International,24.5
33,2023-10-17 01:48:05,1430,Order Received,International,24.5
34,2023-08-29 08:09:56,1526,Order Received,Express,11.9
35,2024-03-07 08:02:25,1609,Order Received,International,24.5
36,2023-04-29 20:22:46,1963,Order Received,Priority,8.9
37,2023-05-08 15:57:08,215,Order Received,Standard,5.9
38,2022-07-07 12:46:46,315,Order Received,International,24.5
39,2024-05-30 16:20:40,569,Order Received,Priority,8.9
40,2023-01-07 16:38:02,726,Order Received,Express,11.9
41,2024-06-06 14:02:52,538,Order Received,Standard,5.9
42,2024-11-01 10:18:29,884,Order Received,Standard,5.9
43,2022-10-24 10:31:42,1382,Order Received,International,24.5
44,2022-09-13 00:22:07,1638,Order Received,Express,11.9
45,2023-10-06 21:21:13,518,Order Received,Express,11.9
46,2024-01-11 07:30:09,704,Order Received,Standard,5.9
47,2022-06-17 11:28:21,719,Order Received,International,24.5
48,2023-04-06 19:33:23,1743,Order Received,Express,11.9
49,2022-08-28 17:25:29,1916,Order Received,Express,11.9
50,2024-11-30 00:09:56,546,Order Received,International,24.5
51,2022-04-11 03:25:29,1724,Order Received,Priority,8.9
52,2023-10-11 04:41:15,1741,Order Received,Priority,8.9
53,2025-01-25 23:20:25,289,Order Received,Express,11.9
54,2024-03-02 06:23:00,1836,Order Received,Express,11.9
55,2022-05-07 20:19:36,474,Order Received,International,24.5
56,2022-11-22 05:51:44,889,Order Received,Standard,5.9
57,2022-08-08 13:32:34,1005,Order Received,Standard,5.9
58,2024-03-17 01:39:33,96,Order Received,Standard,5.9
59,2024-05-05 18:44:31,150,Order Received,Standard,5.9
60,2024-06-20 18:16:00,1319,Order Received,Priority,8.9
61,2022-08-21 23:29:46,1777,Order Received,Express,11.9
62,2022-09-10 07:07:37,33,Order Received,Standard,5.9
63,2022-03-10 09:03:09,56,Order Received,Express,11.9
64,2024-02-20 00:57:23,932,Order Received,Express,11.9
65,2023-09-19 21:48:10,1585,Order Received,Priority,8.9
66,2022-03-14 10:44:55,1910,Order Received,Standard,5.9
67,2024-02-10 21:06:03,1332,Order Received,Express,11.9
68,2023-02-21 05:17:02,88,Order Received,Express,11.9
69,2023-06-16 19:35:18,179,Order Received,Express,11.9
70,2023-03-22 01:43:44,815,Order Received,Standard,5.9
71,2024-11-07 13:39:26,1202,Order Received,International,24.5
72,2025-01-15 17:01:53,1504,Order Received,Express,11.9
73,2022-12-07 21:47:08,1601,Order Received,International,24.5
74,2023-02-27 09:44:53,1934,Order Received,Priority,8.9
75,2022-05-20 02:14:51,228,Order Received,Priority,8.9
76,2023-08-16 16:04:29,264,Order Received,Standard,5.9
77,2024-03-21 10:17:46,1450,Order Received,Standard,5.9
78,2024-05-15 16:03:29,411,Order Received,Standard,5.9
79,2024-11-16 09:32:38,1307,Order Received,International,24.5
80,2024-02-18 01:54:57,1451,Order Received,International,24.5
81,2023-05-27 11:36:34,7,Order Received,Standard,5.9
82,2022-03-29 00:26:21,572,Order Received,Priority,8.9
83,2024-09-18 12:57:57,866,Order Received,Priority,8.9
84,2022-04-08 15:30:13,1355,Order Received,Priority,8.9
85,2022-06-07 22:58:37,1705,Order Received,Priority,8.9
86,2023-08-12 22:08:12,1914,Order Received,Standard,5.9
87,2023-07-24 10:54:18,329,Order Received,International,24.5
88,2023-12-02 21:04:08,506,Order Received,Standard,5.9
89,2022-03-30 03:16:09,770,Order Received,Express,11.9
90,2023-02-08 05:35:52,341,Order Received,Standard,5.9
91,2024-08-12 18:02:18,1068,Order Received,Standard,5.9
92,2024-07-21 17:27:13,562,Order Received,Express,11.9
93,2024-10-22 14:22:39,924,Order Received,International,24.5
94,2024-03-09 09:11:29,1277,Order Received,International,24.5
95,2025-01-25 10:20:32,1472,Order Received,Express,11.9
96,2023-06-09 06:53:05,1750,Order Received,Express,11.9
97,2023-06-19 02:50:08,717,Order Received,International,24.5
98,2023-09-04 05:01:06,826,Order Received,International,24.5
99,2024-06-11 10:55:54,1700,Order Received,Priority,8.9
100,2022-03-09 07:38:21,511,Order Received,International,24.5
101,2023-04-19 11:51:44,534,Order Received,Priority,8.9
102,2022-10-15 01:43:59,1671,Order Received,International,24.5
103,2024-01-25 11:16:29,258,Order Received,International,24.5
104,2022-12-29 19:43:22,1028,Order Received,Express,11.9
105,2024-01-30 22:22:02,1260,Order Received,Express,11.9
106,2024-05-29 20:34:34,1704,Order Received,Standard,5.9
107,2023-11-11 10:44:34,340,Order Received,Priority,8.9
108,2022-06-22 08:01:50,822,Order Received,Standard,5.9
109,2025-01-05 21:00:05,1268,Order Received,International,24.5
110,2022-11-09 03:51:09,1568,Order Received,Priority,8.9
111,2024-11-25 17:17:29,1787,Order Received,International,24.5
112,2023-04-07 18:58:10,271,Order Received,Standard,5.9
113,2024-09-15 01:53:57,420,Order Received,Standard,5.9
114,2024-11-04 22:27:56,1000,Order Received,Standard,5.9
115,2023-07-08 14:51:13,1366,Order Received,Standard,5.9
116,2023-12-31 21:08:06,1831,Order Received,Priority,8.9
117,2024-02-21 16:59:03,43,Order Received,International,24.5
118,2022-06-30 01:35:28,489,Order Received,Standard,5.9
119,2022-11-24 10:28:43,935,Order Received,Priority,8.9
120,2024-05-27 05:52:39,1299,Order Received,Express,11.9
121,2022-05-23 06:28:00,1742,Order Received,Priority,8.9
122,2024-07-28 11:04:31,1897,Order Received,International,24.5
123,2024-03-11 21:20:01,1134,Order Received,Standard,5.9
124,2024-04-28 06:45:52,1689,Order Received,Express,11.9
125,2024-03-16 21:37:42,1762,Order Received,Express,11.9
126,2023-11-01 03:09:38,81,Order Received,Standard,5.9
127,2023-10-04 22:30:00,1213,Order Received,International,24.5
128,2022-09-19 04:09:35,1929,Order Received,Express,11.9
129,2024-07-25 09:38:24,1996,Order Received,Priority,8.9
130,2024-02-07 14:49:30,337,Order Received,Express,11.9
131,2022-09-01 16:01:07,832,Order Received,Priority,8.9
132,2023-07-22 16:02:03,170,Order Received,Priority,8.9
133,2023-05-05 05:35:01,171,Order Received,Express,11.9
134,2023-04-08 22:53:05,482,Order Received,Standard,5.9
135,2023-11-01 13:39:49,491,Order Received,International,24.5
136,2023-03-28 18:44:54,670,Order Received,Standard,5.9
137,2024-10-21 06:20:58,977,Order Received,International,24.5
138,2023-12-23 13:00:28,1414,Order Received,Standard,5.9
139,2024-02-07 11:06:30,1651,Order Received,Priority,8.9
140,2024-12-15 11:05:39,1824,Order Received,Standard,5.9
141,2025-01-24 03:55:02,459,Order Received,International,24.5
142,2022-06-10 11:41:01,677,Order Received,Express,11.9
143,2022-07-23 07:50:06,1121,Order Received,International,24.5
144,2024-06-04 08:49:11,1467,Order Received,International,24.5
145,2022-11-15 14:09:38,1555,Order Received,Standard,5.9
146,2024-07-20 10:46:45,1622,Order Received,Express,11.9
147,2022-06-06 18:27:36,1940,Order Received,Priority,8.9
148,2023-12-29 02:50:03,215,Order Received,Express,11.9
149,2024-10-12 20:48:43,490,Order Received,Express,11.9
150,2022-10-01 23:01:22,917,Order Received,Standard,5.9
151,2025-01-03 23:13:42,948,Order Received,International,24.5
152,2023-04-02 07:14:12,356,Order Received,Priority,8.9
153,2023-06-15 13:32:44,860,Order Received,International,24.5
154,2022-03-02 13:20:22,1669,Order Received,Standard,5.9
155,2022-11-14 00:38:35,761,Order Received,Priority,8.9
156,2023-10-23 01:16:07,821,Order Received,Standard,5.9
157,2023-05-05 07:25:12,941,Order Received,Priority,8.9
158,2023-12-29 22:39:59,1676,Order Received,Express,11.9
159,2022-08-17 16:59:00,278,Order Received,Priority,8.9
160,2023-10-03 11:47:26,477,Order Received,Standard,5.9
161,2024-07-01 12:16:20,669,Order Received,Express,11.9
162,2022-07-04 20:09:53,805,Order Received,Priority,8.9
163,2022-12-02 21:46:56,1142,Order Received,International,24.5
164,2024-09-22 05:28:55,1215,Order Received,Standard,5.9
165,2022-04-28 17:13:11,1392,Order Received,Priority,8.9
166,2023-05-22 02:56:25,1649,Order Received,Priority,8.9
167,2023-03-30 09:59:28,742,Order Received,Express,11.9
168,2022-12-03 08:28:15,813,Order Received,Express,11.9
169,2024-02-16 12:07:50,298,Order Received,Standard,5.9
170,2022-12-04 23:20:47,1928,Order Received,Standard,5.9
171,2022-03-31 11:30:47,280,Order Received,Standard,5.9
172,2023-02-14 21:43:57,295,Order Received,Standard,5.9
173,2024-12-05 10:24:17,780,Order Received,Priority,8.9
174,2024-05-11 15:12:06,1442,Order Received,Priority,8.9
175,2024-04-12 16:17:26,1559,Order Received,Standard,5.9
176,2024-11-23 17:48:32,74,Order Received,International,24.5
177,2022-04-30 12:51:35,181,Order Received,Standard,5.9
178,2024-12-09 01:09:26,717,Order Received,International,24.5
179,2022-09-16 15:21:21,754,Order Received,Express,11.9
180,2022-10-21 06:26:55,1443,Order Received,International,24.5
181,2023-09-08 21:25:30,1481,Order Received,Express,11.9
182,2024-08-17 02:08:28,1784,Order Received,Priority,8.9
183,2022-07-16 04:57:31,93,Order Received,Express,11.9
184,2022-05-13 16:02:49,1046,Order Received,Standard,5.9
185,2022-11-13 09:22:15,1824,Order Received,Priority,8.9
186,2024-12-29 22:43:27,1930,Order Received,International,24.5
187,2024-12-10 00:31:30,1969,Order Received,International,24.5
188,2022-09-25 10:33:37,193,Order Received,Express,11.9
189,2023-03-28 17:01:37,429,Order Received,Priority,8.9
190,2022-09-20 01:34:14,726,Order Received,Standard,5.9
191,2023-04-21 09:42:04,346,Order Received,Standard,5.9
192,2024-01-31 15:17:36,381,Order Received,Express,11.9
193,2024-09-02 00:21:56,904,Order Received,International,24.5
194,2022-10-19 02:24:34,1715,Order Received,Priority,8.9
195,2023-11-29 07:35:34,223,Order Received,International,24.5
196,2022-12-02 15:40:47,590,Order Received,Express,11.9
197,2024-01-29 02:41:10,1021,Order Received,Express,11.9
198,2024-12-25 19:01:27,775,Order Received,Priority,8.9
199,2022-11-01 14:23:09,1211,Order Received,Express,11.9
200,2024-10-12 19:13:01,1746,Order Received,Express,11.9
201,2024-03-01 08:45:09,129,Order Received,Standard,5.9
202,2024-11-22 06:27:01,841,Order Received,Priority,8.9
203,2023-04-18 08:53:04,1428,Order Received,International,24.5
204,2022-05-06 03:51:26,302,Order Received,International,24.5
205,2024-08-31 06:25:49,1310,Order Received,Priority,8.9
206,2023-05-18 04:33:47,113,Order Received,Express,11.9
207,2022-12-10 17:55:44,376,Order Received,Express,11.9
208,2023-04-24 00:41:03,247,Order Received,Priority,8.9
209,2022-03-17 08:44:41,252,Order Received,International,24.5
210,2024-12-07 05:05:53,778,Order Received,International,24.5
211,2023-09-14 07:15:49,1558,Order Received,Express,11.9
212,2023-09-23 09:13:47,1009,Order Received,Express,11.9
213,2023-04-18 03:05:49,554,Order Received,Priority,8.9
214,2023-10-31 12:52:39,1194,Order Received,Priority,8.9
215,2022-12-16 13:54:23,163,Order Received,Priority,8.9
216,2022-07-06 17:25:45,412,Order Received,Standard,5.9
217,2024-11-24 03:06:07,779,Order Received,International,24.5
218,2023-04-11 11:10:39,1949,Order Received,Standard,5.9
219,2024-12-08 05:33:36,75,Order Received,International,24.5
220,2023-02-19 18:08:44,103,Order Received,Standard,5.9
221,2024-12-12 19:49:45,510,Order Received,Priority,8.9
222,2024-08-16 10:32:45,681,Order Received,Standard,5.9
223,2023-02-20 11:00:52,1044,Order Received,Standard,5.9
224,2024-10-16 07:28:00,1234,Order Received,International,24.5
225,2024-08-12 07:50:23,1314,Order Received,Standard,5.9
226,2024-05-04 22:51:37,1563,Order Received,International,24.5
227,2023-10-09 16:53:33,1917,Order Received,Express,11.9
228,2024-05-19 08:19:03,1923,Order Received,Standard,5.9
229,2023-02-08 19:06:11,571,Order Received,Standard,5.9
230,2023-05-20 13:12:21,1656,Order Received,Express,11.9
231,2025-02-07 20:05:21,196,Order Received,Priority,8.9
232,2022-05-19 11:56:43,1255,Order Received,Priority,8.9
233,2024-01-19 11:15:39,1398,Order Received,Express,11.9
234,2023-05-06 23:33:03,1779,Order Received,Priority,8.9
235,2024-11-24 23:13:24,281,Order Received,Priority,8.9
236,2024-10-25 02:23:23,1635,Order Received,Express,11.9
237,2024-03-15 17:29:53,1823,Order Received,Priority,8.9
238,2022-05-04 12:03:39,1964,Order Received,Express,11.9
239,2022-05-21 12:46:44,1971,Order Received,International,24.5
240,2025-01-25 03:21:07,437,Order Received,Standard,5.9
241,2024-08-22 09:46:58,851,Order Received,Standard,5.9
242,2022-05-20 00:48:35,899,Order Received,Priority,8.9
243,2022-04-04 12:26:43,1212,Order Received,International,24.5
244,2022-03-29 02:16:28,1675,Order Received,Express,11.9
245,2023-01-10 16:18:39,1857,Order Received,International,24.5
246,2023-02-26 14:32:19,504,Order Received,Priority,8.9
247,2024-07-03 22:32:32,1074,Order Received,Express,11.9
248,2025-01-10 22:33:33,1417,Order Received,International,24.5
249,2022-10-22 22:50:57,1692,Order Received,International,24.5
250,2023-11-19 04:12:25,1831,Order Received,Standard,5.9
251,2022-04-19 07:23:24,102,Order Received,Standard,5.9
252,2024-06-28 19:39:11,986,Order Received,Standard,5.9
253,2023-06-28 08:00:14,1389,Order Received,Express,11.9
254,2023-08-25 12:17:50,1488,Order Received,Express,11.9
255,2023-09-18 06:43:01,107,Order Received,Express,11.9
256,2023-07-08 06:02:58,640,Order Received,International,24.5
257,2022-03-07 19:35:30,1120,Order Received,Standard,5.9
258,2022-08-01 18:54:06,1004,Order Received,International,24.5
259,2024-04-02 03:54:43,531,Order Received,Standard,5.9
260,2022-05-08 13:18:48,804,Order Received,Standard,5.9
261,2022-03-02 14:50:53,1282,Order Received,Priority,8.9
262,2023-10-23 07:23:56,473,Order Received,International,24.5
263,2023-09-04 20:03:03,1040,Order Received,Standard,5.9
264,2024-05-13 15:28:50,1044,Order Received,International,24.5
265,2023-09-02 06:46:40,1157,Order Received,International,24.5
266,2022-03-22 02:33:17,136,Order Received,Standard,5.9
267,2024-12-11 00:38:47,335,Order Received,Express,11.9
268,2023-10-14 02:23:37,619,Order Received,Standard,5.9
269,2022-03-09 04:45:52,1476,Order Received,Express,11.9
270,2023-03-30 10:05:11,1748,Order Received,Standard,5.9
271,2024-09-28 17:51:52,606,Order Received,Express,11.9
272,2022-10-06 21:45:03,962,Order Received,Standard,5.9
273,2022-08-14 01:35:22,1562,Order Received,Standard,5.9
274,2022-08-21 15:32:52,1692,Order Received,International,24.5
275,2024-05-11 06:12:20,1882,Order Received,Priority,8.9
276,2023-11-23 15:04:55,204,Order Received,International,24.5
277,2023-07-26 03:48:29,339,Order Received,Priority,8.9
278,2024-06-22 21:43:15,1266,Order Received,Standard,5.9
279,2023-10-08 07:31:28,859,Order Received,Standard,5.9
280,2023-02-07 08:35:02,1298,Order Received,International,24.5
281,2022-10-31 12:28:46,1515,Order Received,Express,11.9
282,2023-09-05 04:57:30,1652,Order Received,International,24.5
283,2024-03-07 18:59:55,1704,Order Received,Priority,8.9
284,2023-03-07 17:27:10,679,Order Received,Priority,8.9
285,2023-07-29 05:43:02,1296,Order Received,Express,11.9
286,2025-01-25 12:39:23,1878,Order Received,International,24.5
287,2022-12-20 10:07:19,849,Order Received,Express,11.9
288,2023-07-26 19:30:46,939,Order Received,Priority,8.9
289,2023-11-07 04:44:51,1038,Order Received,International,24.5
290,2023-11-05 23:41:27,1119,Order Received,Priority,8.9
291,2024-03-26 12:30:06,832,Order Received,Express,11.9
292,2022-08-19 13:25:00,1649,Order Received,Express,11.9
293,2024-09-09 11:30:19,1898,Order Received,Standard,5.9
294,2024-04-03 14:57:21,1945,Order Received,Standard,5.9
295,2024-06-12 01:43:01,149,Order Received,Standard,5.9
296,2022-12-24 07:07:27,1118,Order Received,Priority,8.9
297,2023-05-18 13:00:38,1261,Order Received,International,24.5
298,2023-02-24 04:11:14,1652,Order Received,Express,11.9
299,2024-03-23 23:33:59,494,Order Received,Express,11.9
300,2022-10-13 15:10:55,844,Order Received,Priority,8.9
301,2024-08-14 17:27:44,630,Order Received,International,24.5
302,2024-07-22 16:14:50,1544,Order Received,Standard,5.9
303,2024-10-22 20:38:27,73,Order Received,Standard,5.9
304,2024-03-05 19:03:25,1359,Order Received,Standard,5.9
305,2024-11-15 21:25:10,1738,Order Received,International,24.5
306,2022-11-08 08:33:41,86,Order Received,Priority,8.9
307,2023-02-13 06:59:43,419,Order Received,Standard,5.9
308,2022-05-17 20:57:47,598,Order Received,Standard,5.9
309,2023-11-09 12:26:43,675,Order Received,Standard,5.9
310,2022-09-10 12:53:54,1711,Order Received,Standard,5.9
311,2023-03-29 02:09:56,1993,Order Received,Standard,5.9
312,2023-02-08 10:09:41,1151,Order Received,Standard,5.9
313,2024-08-25 18:40:55,1490,Order Received,Express,11.9
314,2022-03-25 12:36:32,1685,Order Received,International,24.5
315,2022-04-14 12:32:07,1719,Order Received,Priority,8.9
316,2024-02-16 17:47:38,241,Order Received,Priority,8.9
317,2022-09-05 22:22:09,410,Order Received,International,24.5
318,2023-07-21 13:58:30,1510,Order Received,Express,11.9
319,2023-03-07 05:18:18,1733,Order Received,Priority,8.9
320,2023-03-23 12:07:21,444,Order Received,Standard,5.9
321,2024-06-07 03:41:07,1143,Order Received,Priority,8.9
322,2023-01-08 22:01:30,1702,Order Received,Standard,5.9
323,2024-04-23 14:24:34,867,Order Received,Standard,5.9
324,2022-07-08 16:39:35,980,Order Received,International,24.5
325,2024-10-26 07:57:07,1237,Order Received,Express,11.9
326,2024-09-22 14:15:11,11,Order Received,Express,11.9
327,2023-03-30 20:20:39,264,Order Received,Priority,8.9
328,2022-11-16 07:21:59,342,Order Received,International,24.5
329,2023-03-25 17:58:04,642,Order Received,International,24.5
330,2024-04-14 00:11:45,1337,Order Received,International,24.5
331,2023-02-23 23:06:44,290,Order Received,Express,11.9
332,2025-01-15 18:28:34,1051,Order Received,Priority,8.9
333,2023-04-16 12:08:13,723,Order Received,Standard,5.9
334,2023-11-26 05:25:13,1501,Order Received,International,24.5
335,2024-05-02 06:51:29,64,Order Received,Express,11.9
336,2024-01-17 22:37:20,160,Order Received,International,24.5
337,2023-08-31 21:12:13,382,Order Received,Express,11.9
338,2025-01-08 20:22:24,79,Order Received,Standard,5.9
339,2024-04-08 17:21:47,292,Order Received,Standard,5.9
340,2024-09-19 15:38:31,1105,Order Received,Standard,5.9
341,2025-01-13 10:01:56,393,Order Received,International,24.5
342,2024-01-08 14:56:31,789,Order Received,Standard,5.9
343,2022-11-12 14:42:26,936,Order Received,Priority,8.9
344,2025-01-14 14:04:02,734,Order Received,Priority,8.9
345,2022-10-11 04:00:49,1099,Order Received,International,24.5
346,2023-03-07 10:45:35,1383,Order Received,International,24.5
347,2024-03-22 13:25:02,245,Order Received,International,24.5
348,2022-06-07 03:11:36,261,Order Received,Express,11.9
349,2023-12-20 01:01:22,396,Order Received,Standard,5.9
350,2024-04-20 03:47:51,822,Order Received,Standard,5.9
351,2022-10-30 04:03:01,875,Order Received,Priority,8.9
352,2024-10-23 07:52:50,1014,Order Received,Standard,5.9
353,2024-10-09 06:22:56,1984,Order Received,Priority,8.9
354,2024-03-08 15:26:31,473,Order Received,Express,11.9
355,2022-05-12 09:03:47,845,Order Received,International,24.5
356,2022-12-20 22:19:32,1152,Order Received,International,24.5
357,2023-12-25 19:43:10,1166,Order Received,Standard,5.9
358,2022-10-01 18:50:39,1482,Order Received,Priority,8.9
359,2023-03-16 01:39:58,355,Order Received,Standard,5.9
360,2024-11-25 19:09:49,1624,Order Received,Priority,8.9
361,2023-02-21 02:13:05,1758,Order Received,Standard,5.9
362,2022-04-30 02:46:23,999,Order Received,Standard,5.9
363,2022-09-27 21:49:45,1045,Order Received,Express,11.9
364,2022-11-29 18:53:55,1852,Order Received,International,24.5
365,2022-06-20 07:43:05,65,Order Received,International,24.5
366,2024-06-16 13:39:29,617,Order Received,Standard,5.9
367,2024-04-27 11:08:48,935,Order Received,International,24.5
368,2024-10-12 05:58:07,998,Order Received,Standard,5.9
369,2022-10-02 02:11:10,1007,Order Received,Priority,8.9
370,2025-01-12 00:55:21,1507,Order Received,Priority,8.9
371,2023-09-01 10:57:31,1564,Order Received,Priority,8.9
372,2022-03-05 21:00:47,204,Order Received,Priority,8.9
373,2024-02-14 01:43:38,1107,Order Received,Priority,8.9
374,2023-07-09 00:48:15,1738,Order Received,International,24.5
375,2024-07-20 12:50:18,793,Order Received,Express,11.9
376,2022-08-18 09:47:44,1984,Order Received,Standard,5.9
377,2024-10-08 11:40:21,558,Order Received,Standard,5.9
378,2022-10-18 02:43:14,1626,Order Received,Standard,5.9
379,2022-12-17 07:44:40,30,Order Received,International,24.5
380,2022-11-18 15:45:50,404,Order Received,International,24.5
381,2022-11-27 02:54:54,550,Order Received,Priority,8.9
382,2024-01-19 22:36:55,672,Order Received,International,24.5
383,2024-08-23 08:33:36,1187,Order Received,Priority,8.9
384,2022-08-01 20:12:26,296,Order Received,Priority,8.9
385,2023-01-28 08:00:10,1687,Order Received,Standard,5.9
386,2023-12-22 07:17:24,1708,Order Received,Express,11.9
387,2024-08-14 07:35:30,1053,Order Received,International,24.5
388,2022-10-26 19:44:11,1388,Order Received,Priority,8.9
389,2024-10-09 07:46:05,1816,Order Received,Express,11.9
390,2024-02-16 07:04:10,459,Order Received,Priority,8.9
391,2024-03-31 05:30:41,870,Order Received,Standard,5.9
392,2023-05-10 06:11:36,1654,Order Received,Express,11.9
393,2023-04-21 09:10:28,57,Order Received,Standard,5.9
394,2024-05-10 11:40:52,273,Order Received,Standard,5.9
395,2023-11-14 08:28:25,385,Order Received,Priority,8.9
396,2023-02-06 20:58:21,549,Order Received,Standard,5.9
397,2024-11-21 23:19:00,1065,Order Received,Express,11.9
398,2023-11-10 03:22:14,1354,Order Received,International,24.5
399,2024-01-23 11:17:46,1369,Order Received,Standard,5.9
400,2022-04-01 05:23:44,361,Order Received,International,24.5
401,2024-12-09 13:57:09,1103,Order Received,International,24.5
402,2023-06-17 13:38:32,1430,Order Received,International,24.5
403,2025-01-18 02:44:01,1492,Order Received,Priority,8.9
404,2023-08-11 14:15:51,1774,Order Received,Express,11.9
405,2023-12-09 19:31:07,227,Order Received,Standard,5.9
406,2022-02-26 15:34:50,692,Order Received,Priority,8.9
407,2024-04-17 13:27:59,773,Order Received,Express,11.9
408,2024-01-01 08:44:34,839,Order Received,International,24.5
409,2023-03-02 10:01:09,1106,Order Received,Priority,8.9
410,2024-12-07 04:46:50,1258,Order Received,Standard,5.9
411,2024-01-26 13:45:38,1445,Order Received,Priority,8.9
412,2024-09-18 15:31:56,1907,Order Received,Priority,8.9
413,2023-10-15 16:22:10,363,Order Received,Standard,5.9
414,2024-04-27 16:20:06,1075,Order Received,International,24.5
415,2024-10-30 08:08:30,1284,Order Received,Express,11.9
416,2023-09-08 20:46:59,1459,Order Received,Express,11.9
417,2024-05-17 22:42:24,1841,Order Received,Standard,5.9
418,2023-10-17 17:29:06,1850,Order Received,Standard,5.9
419,2024-06-23 20:57:27,199,Order Received,International,24.5
420,2024-10-03 13:55:50,1493,Order Received,Priority,8.9
421,2023-11-19 17:09:59,138,Order Received,Standard,5.9
422,2022-10-11 21:53:24,207,Order Received,International,24.5
423,2024-08-14 10:31:01,496,Order Received,Standard,5.9
424,2024-08-01 15:55:03,1393,Order Received,Priority,8.9
425,2022-05-04 04:53:06,1729,Order Received,Standard,5.9
426,2024-12-10 10:39:38,1939,Order Received,International,24.5
427,2022-09-10 03:41:17,284,Order Received,Express,11.9
428,2022-06-07 11:13:55,409,Order Received,Priority,8.9
429,2022-10-12 01:19:06,856,Order Received,Priority,8.9
430,2022-09-14 09:03:58,1205,Order Received,International,24.5
431,2024-02-21 05:29:36,1542,Order Received,Priority,8.9
432,2022-02-22 11:53:00,436,Order Received,International,24.5
433,2022-04-08 21:26:40,824,Order Received,Priority,8.9
434,2024-08-07 01:36:08,1525,Order Received,Express,11.9
435,2022-10-15 18:32:44,1646,Order Received,International,24.5
436,2024-05-17 15:02:56,451,Order Received,Express,11.9
437,2022-11-13 12:07:21,1965,Order Received,Priority,8.9
438,2024-11-17 11:59:38,58,Order Received,Express,11.9
439,2022-09-24 11:53:03,458,Order Received,Standard,5.9
440,2023-09-29 10:57:34,665,Order Received,International,24.5
441,2023-05-11 18:22:24,1221,Order Received,Express,11.9
442,2024-11-28 23:33:55,123,Order Received,Express,11.9
443,2024-11-27 07:29:08,144,Order Received,Priority,8.9
444,2022-11-01 15:14:35,158,Order Received,Express,11.9
445,2022-06-27 19:21:06,238,Order Received,Express,11.9
446,2022-07-18 03:35:53,730,Order Received,International,24.5
447,2023-09-24 03:18:10,748,Order Received,International,24.5
448,2024-10-06 19:28:25,1647,Order Received,International,24.5
449,2024-10-19 17:22:48,4,Order Received,International,24.5
450,2022-02-20 00:03:35,1688,Order Received,Priority,8.9
451,2022-03-09 01:49:03,126,Order Received,Express,11.9
452,2023-01-21 23:06:07,259,Order Received,Priority,8.9
453,2024-03-27 03:40:49,632,Order Received,Express,11.9
454,2023-10-07 19:06:51,667,Order Received,Priority,8.9
455,2022-03-29 07:09:00,1146,Order Received,Standard,5.9
456,2024-06-11 00:55:35,354,Order Received,Standard,5.9
457,2023-01-30 14:21:21,369,Order Received,Standard,5.9
458,2022-05-06 13:31:45,698,Order Received,Standard,5.9
459,2023-08-09 20:57:25,355,Order Received,Priority,8.9
460,2024-03-14 01:31:23,1294,Order Received,Priority,8.9
461,2024-02-26 21:25:42,1563,Order Received,Priority,8.9
462,2023-12-16 22:32:08,1960,Order Received,Standard,5.9
463,2023-08-12 08:25:23,270,Order Received,Standard,5.9
464,2024-10-17 18:19:20,794,Order Received,Standard,5.9
465,2023-06-05 21:24:59,1467,Order Received,Priority,8.9
466,2022-09-29 15:07:06,1082,Order Received,Standard,5.9
467,2025-02-03 11:36:13,556,Order Received,International,24.5
468,2024-11-23 01:30:21,1159,Order Received,International,24.5
469,2023-12-22 09:17:00,192,Order Received,Standard,5.9
470,2023-03-27 07:56:10,448,Order Received,Express,11.9
471,2023-06-24 08:20:31,601,Order Received,Express,11.9
472,2022-10-09 04:10:27,206,Order Received,International,24.5
473,2022-02-19 17:20:02,535,Order Received,Priority,8.9
474,2022-06-15 16:52:57,843,Order Received,Priority,8.9
475,2022-03-14 09:51:52,671,Order Received,International,24.5
476,2023-06-26 00:35:17,1126,Order Received,Standard,5.9
477,2023-03-06 07:29:40,1317,Order Received,Standard,5.9
478,2023-10-22 06:12:24,1643,Order Received,International,24.5
479,2023-07-13 15:35:00,316,Order Received,International,24.5
480,2024-08-15 13:19:26,1462,Order Received,Express,11.9
481,2023-11-14 06:00:26,1687,Order Received,Priority,8.9
482,2023-09-14 07:19:33,1915,Order Received,Priority,8.9
483,2024-04-26 02:13:41,786,Order Received,Priority,8.9
484,2022-07-10 13:30:29,1603,Order Received,Priority,8.9
485,2024-11-08 09:42:18,1723,Order Received,Priority,8.9
486,2022-05-13 03:55:34,1831,Order Received,Priority,8.9
487,2022-12-23 00:21:17,210,Order Received,Express,11.9
488,2024-01-27 08:30:27,378,Order Received,Express,11.9
489,2024-05-23 03:33:15,721,Order Received,Priority,8.9
490,2023-08-08 04:03:57,1512,Order Received,International,24.5
491,2023-09-05 10:21:57,1569,Order Received,Standard,5.9
492,2023-04-11 05:27:43,654,Order Received,Standard,5.9
493,2023-11-30 23:35:27,896,Order Received,International,24.5
494,2024-09-17 04:10:20,905,Order Received,Standard,5.9
495,2025-02-08 00:03:35,988,Order Received,International,24.5
496,2022-06-01 00:41:14,1262,Order Received,Standard,5.9
497,2024-09-12 01:37:33,1297,Order Received,Standard,5.9
498,2023-05-09 13:48:23,1372,Order Received,Priority,8.9
499,2022-03-15 20:47:44,1567,Order Received,International,24.5
500,2024-06-21 19:57:38,130,Order Received,Express,11.9
501,2023-12-22 13:11:36,317,Order Received,Standard,5.9
502,2024-01-17 12:07:58,331,Order Received,Express,11.9
503,2023-11-22 04:53:16,389,Order Received,Express,11.9
504,2023-04-27 20:46:28,760,Order Received,Priority,8.9
505,2022-11-12 03:49:50,1461,Order Received,International,24.5
506,2022-04-28 18:54:49,1815,Order Received,Standard,5.9
507,2022-02-28 01:59:11,1829,Order Received,Priority,8.9
508,2023-12-02 00:37:24,161,Order Received,Express,11.9
509,2022-10-22 07:04:10,505,Order Received,Standard,5.9
510,2024-11-08 21:48:56,924,Order Received,Standard,5.9
511,2022-10-31 03:58:28,1217,Order Received,Standard,5.9
512,2022-11-12 12:16:39,233,Order Received,Standard,5.9
513,2023-09-30 18:36:22,1052,Order Received,International,24.5
514,2022-03-21 16:07:31,1758,Order Received,Standard,5.9
515,2024-03-21 08:01:35,766,Order Received,International,24.5
516,2025-01-05 20:28:46,74,Order Received,International,24.5
517,2025-02-13 17:58:31,358,Order Received,Express,11.9
518,2022-12-26 02:19:04,398,Order Received,International,24.5
519,2023-05-22 15:21:52,912,Order Received,Standard,5.9
520,2023-04-26 20:10:07,1095,Order Received,International,24.5
521,2024-05-02 18:01:34,1165,Order Received,International,24.5
522,2023-05-02 06:05:04,353,Order Received,Priority,8.9
523,2025-01-30 14:28:25,1226,Order Received,International,24.5
524,2022-05-27 17:20:25,1532,Order Received,Express,11.9
525,2024-09-05 20:18:24,1769,Order Received,Standard,5.9
526,2023-02-19 02:52:10,485,Order Received,Priority,8.9
527,2024-03-21 04:51:41,600,Order Received,Express,11.9
528,2022-10-06 07:38:39,634,Order Received,Express,11.9
529,2024-04-22 18:35:24,192,Order Received,Standard,5.9
530,2024-10-21 09:31:10,1927,Order Received,International,24.5
531,2023-05-06 02:39:41,409,Order Received,Standard,5.9
532,2024-01-20 01:59:44,726,Order Received,Express,11.9
533,2023-09-16 03:03:56,1018,Order Received,Standard,5.9
534,2022-10-07 05:23:26,1142,Order Received,Standard,5.9
535,2022-12-20 15:55:56,1433,Order Received,International,24.5
536,2023-04-29 03:18:05,1847,Order Received,Standard,5.9
537,2022-03-25 04:26:21,1,Order Received,Priority,8.9
538,2022-03-20 19:44:05,100,Order Received,Express,11.9
539,2022-11-07 12:06:38,504,Order Received,Express,11.9
540,2023-01-07 17:35:32,1551,Order Received,Express,11.9
541,2023-06-29 22:21:34,1721,Order Received,Express,11.9
542,2024-12-30 15:36:13,109,Order Received,Express,11.9
543,2022-05-06 12:20:18,146,Order Received,International,24.5
544,2024-05-04 11:05:54,471,Order Received,International,24.5
545,2023-03-08 16:55:35,1110,Order Received,Express,11.9
546,2022-03-15 18:49:20,1176,Order Received,Standard,5.9
547,2022-12-30 02:23:21,1449,Order Received,Standard,5.9
548,2022-11-18 09:05:47,1788,Order Received,Standard,5.9
549,2022-07-29 20:26:04,1890,Order Received,Express,11.9
550,2023-10-19 07:29:26,627,Order Received,Priority,8.9
551,2022-10-15 19:30:54,795,Order Received,Express,11.9
552,2022-08-07 04:28:23,1448,Order Received,Priority,8.9
553,2025-01-21 18:27:36,1595,Order Received,Standard,5.9
554,2022-07-21 11:34:58,1088,Order Received,Express,11.9
555,2024-09-30 19:02:24,370,Order Received,Priority,8.9
556,2023-01-31 06:37:07,481,Order Received,Standard,5.9
557,2022-08-16 15:29:44,769,Order Received,Express,11.9
558,2022-11-26 07:57:11,938,Order Received,International,24.5
559,2023-05-01 00:45:15,137,Order Received,Express,11.9
560,2022-12-05 03:51:21,257,Order Received,Express,11.9
561,2023-06-11 07:34:33,859,Order Received,Standard,5.9
562,2024-11-09 02:20:34,1333,Order Received,International,24.5
563,2023-02-13 13:25:59,1844,Order Received,Priority,8.9
564,2022-05-07 07:14:59,1879,Order Received,Priority,8.9
565,2023-04-20 05:56:56,1597,Order Received,Express,11.9
566,2024-05-15 12:53:06,1902,Order Received,Priority,8.9
567,2024-02-28 12:22:38,86,Order Received,Priority,8.9
568,2022-07-03 12:18:24,1304,Order Received,Priority,8.9
569,2022-11-28 15:32:02,1484,Order Received,International,24.5
570,2024-07-15 05:29:26,1680,Order Received,Priority,8.9
571,2024-11-01 01:37:14,1848,Order Received,Priority,8.9
572,2024-11-02 18:28:37,432,Order Received,Standard,5.9
573,2022-03-31 13:34:51,1756,Order Received,Express,11.9
574,2023-11-24 08:50:46,1821,Order Received,Standard,5.9
575,2024-08-18 10:57:07,426,Order Received,Express,11.9
576,2023-09-21 21:34:44,774,Order Received,Express,11.9
577,2023-11-08 12:32:04,23,Order Received,Priority,8.9
578,2022-07-05 09:02:51,917,Order Received,Standard,5.9
579,2022-10-08 00:11:53,1745,Order Received,Express,11.9
580,2024-10-20 07:26:22,756,Order Received,Priority,8.9
581,2022-03-01 08:40:06,1217,Order Received,Express,11.9
582,2022-08-28 14:51:03,1836,Order Received,Priority,8.9
583,2022-10-23 01:15:10,1894,Order Received,Express,11.9
584,2024-03-31 23:14:54,511,Order Received,International,24.5
585,2023-04-05 11:32:55,309,Order Received,Priority,8.9
586,2024-06-21 23:17:41,791,Order Received,International,24.5
587,2023-06-22 15:45:59,978,Order Received,Standard,5.9
588,2023-07-10 07:00:40,1618,Order Received,International,24.5
589,2024-06-12 04:25:09,1875,Order Received,Standard,5.9
590,2023-08-08 09:58:00,407,Order Received,International,24.5
591,2023-03-13 18:42:00,637,Order Received,Express,11.9
592,2023-02-15 14:42:04,1060,Order Received,Standard,5.9
593,2022-05-28 04:07:31,1074,Order Received,International,24.5
594,2024-05-02 07:10:37,1362,Order Received,Priority,8.9
595,2022-07-15 16:20:11,1810,Order Received,Priority,8.9
596,2024-12-19 18:54:18,1938,Order Received,Priority,8.9
597,2024-05-22 09:16:11,1977,Order Received,Priority,8.9
598,2024-06-26 19:05:00,280,Order Received,International,24.5
599,2022-07-18 04:15:35,1634,Order Received,Express,11.9
600,2023-09-24 18:17:26,785,Order Received,Express,11.9
601,2024-10-18 10:17:13,981,Order Received,Standard,5.9
602,2022-05-23 19:56:34,1019,Order Received,Priority,8.9
603,2024-01-18 11:26:01,1287,Order Received,Express,11.9
604,2023-03-10 02:51:30,1367,Order Received,Express,11.9
605,2024-11-29 12:30:29,452,Order Received,Express,11.9
606,2023-06-25 09:02:06,27,Order Received,Standard,5.9
607,2022-09-15 00:11:51,729,Order Received,International,24.5
608,2023-11-08 07:32:25,808,Order Received,International,24.5
609,2022-09-01 10:35:32,1979,Order Received,Express,11.9
610,2022-10-18 02:29:33,663,Order Received,International,24.5
611,2023-11-24 13:07:51,869,Order Received,Standard,5.9
612,2022-09-12 00:09:30,928,Order Received,Priority,8.9
613,2022-12-11 17:56:02,1566,Order Received,Priority,8.9
614,2023-06-25 16:25:21,106,Order Received,Express,11.9
615,2022-06-11 19:43:38,318,Order Received,Priority,8.9
616,2024-11-21 00:07:12,342,Order Received,Priority,8.9
617,2023-09-23 05:50:24,633,Order Received,Priority,8.9
618,2024-08-04 02:58:54,1555,Order Received,International,24.5
619,2024-07-04 17:11:45,1937,Order Received,Standard,5.9
620,2024-02-20 00:59:18,1962,Order Received,Standard,5.9
621,2023-10-28 21:07:09,1384,Order Received,International,24.5
622,2024-03-23 21:28:33,320,Order Received,Express,11.9
623,2022-09-11 15:04:17,1878,Order Received,International,24.5
624,2022-12-16 10:10:44,154,Order Received,Standard,5.9
625,2023-09-25 22:51:43,497,Order Received,International,24.5
626,2024-02-17 19:52:15,581,Order Received,International,24.5
627,2024-09-05 16:53:29,60,Order Received,Priority,8.9
628,2022-07-26 11:12:06,1017,Order Received,Priority,8.9
629,2022-06-01 01:54:58,1174,Order Received,Standard,5.9
630,2023-07-28 20:41:46,1404,Order Received,Priority,8.9
631,2022-12-12 05:05:10,157,Order Received,Priority,8.9
632,2024-08-13 19:28:20,402,Order Received,Standard,5.9
633,2023-01-16 01:18:03,1486,Order Received,Priority,8.9
634,2023-01-06 06:34:16,1762,Order Received,Priority,8.9
635,2024-09-13 06:14:59,891,Order Received,Priority,8.9
636,2024-01-04 00:42:28,904,Order Received,International,24.5
637,2022-08-21 18:18:15,961,Order Received,International,24.5
638,2023-11-03 18:30:56,965,Order Received,International,24.5
639,2023-01-11 08:09:41,1093,Order Received,Standard,5.9
640,2023-10-10 01:31:49,1150,Order Received,International,24.5
641,2024-03-23 16:43:42,1353,Order Received,Express,11.9
642,2023-02-24 05:10:16,114,Order Received,Standard,5.9
643,2022-08-01 08:47:49,789,Order Received,International,24.5
644,2024-07-07 13:42:30,1345,Order Received,International,24.5
645,2024-05-18 02:23:19,927,Order Received,International,24.5
646,2022-05-04 07:06:52,1632,Order Received,International,24.5
647,2023-10-24 06:46:46,205,Order Received,Express,11.9
648,2022-03-08 05:53:06,1133,Order Received,International,24.5
649,2022-12-10 15:54:14,1293,Order Received,International,24.5
650,2025-01-19 22:18:39,1560,Order Received,Express,11.9
651,2022-05-13 05:52:27,582,Order Received,International,24.5
652,2024-03-10 19:55:03,1178,Order Received,Standard,5.9
653,2023-03-05 02:40:02,1608,Order Received,International,24.5
654,2023-05-13 04:31:18,1849,Order Received,Standard,5.9
655,2024-02-15 03:00:52,1944,Order Received,Standard,5.9
656,2024-11-20 05:40:51,1582,Order Received,Priority,8.9
657,2023-07-25 21:54:47,194,Order Received,Express,11.9
658,2024-07-09 18:19:22,745,Order Received,Priority,8.9
659,2024-08-25 20:01:17,532,Order Received,Express,11.9
660,2024-06-22 12:36:08,737,Order Received,International,24.5
661,2022-12-20 00:21:11,787,Order Received,International,24.5
662,2022-11-24 02:23:39,419,Order Received,International,24.5
663,2023-02-14 07:24:48,846,Order Received,Standard,5.9
664,2025-01-14 12:24:31,1114,Order Received,Standard,5.9
665,2023-06-18 14:09:00,1254,Order Received,Priority,8.9
666,2024-03-20 02:16:30,1827,Order Received,Priority,8.9
667,2022-10-05 00:58:47,1868,Order Received,International,24.5
668,2024-04-08 11:14:30,1995,Order Received,Express,11.9
669,2024-02-04 01:52:50,490,Order Received,International,24.5
670,2022-02-22 19:39:24,519,Order Received,Express,11.9
671,2022-09-16 09:39:15,717,Order Received,Priority,8.9
672,2023-12-12 19:37:28,894,Order Received,International,24.5
673,2024-06-05 11:04:58,1864,Order Received,Express,11.9
674,2022-06-01 23:03:17,184,Order Received,International,24.5
675,2024-11-06 15:24:05,1026,Order Received,Express,11.9
676,2023-03-23 02:14:12,1380,Order Received,Priority,8.9
677,2024-05-11 12:59:14,1100,Order Received,International,24.5
678,2024-08-23 23:43:46,183,Order Received,International,24.5
679,2022-11-03 11:04:44,405,Order Received,Priority,8.9
680,2024-12-06 10:02:09,154,Order Received,Express,11.9
681,2023-12-18 08:04:30,1078,Order Received,Priority,8.9
682,2022-09-11 04:12:24,1524,Order Received,International,24.5
683,2022-04-25 20:21:27,30,Order Received,Standard,5.9
684,2023-07-15 02:02:06,384,Order Received,Priority,8.9
685,2023-02-14 12:32:59,1850,Order Received,International,24.5
686,2022-04-22 17:13:59,506,Order Received,Express,11.9
687,2022-07-08 11:35:08,737,Order Received,Standard,5.9
688,2024-11-08 06:07:56,999,Order Received,Standard,5.9
689,2022-05-29 01:20:55,1154,Order Received,Priority,8.9
690,2023-10-22 07:32:09,1662,Order Received,International,24.5
691,2024-06-20 00:08:59,38,Order Received,Priority,8.9
692,2024-06-10 20:07:29,83,Order Received,Standard,5.9
693,2024-01-03 10:07:28,333,Order Received,International,24.5
694,2024-12-07 00:20:45,1990,Order Received,International,24.5
695,2022-06-29 00:33:18,1130,Order Received,International,24.5
696,2024-09-15 20:32:15,1436,Order Received,International,24.5
697,2022-11-10 14:19:17,1835,Order Received,Priority,8.9
698,2024-09-27 04:22:24,1877,Order Received,International,24.5
699,2023-02-17 15:18:19,364,Order Received,International,24.5
700,2023-08-14 00:32:38,496,Order Received,International,24.5
701,2023-05-04 05:41:29,622,Order Received,Express,11.9
702,2022-08-31 20:20:49,783,Order Received,Express,11.9
703,2024-05-26 12:28:17,863,Order Received,Express,11.9
704,2024-06-08 18:56:18,1027,Order Received,Priority,8.9
705,2024-07-02 20:41:15,1130,Order Received,International,24.5
706,2022-06-06 19:43:26,65,Order Received,International,24.5
707,2024-06-05 09:40:05,1001,Order Received,International,24.5
708,2024-01-27 19:17:02,105,Order Received,Priority,8.9
709,2023-05-04 04:29:02,311,Order Received,International,24.5
710,2024-07-19 20:44:40,804,Order Received,International,24.5
711,2024-03-20 06:53:27,940,Order Received,Express,11.9
712,2024-12-21 05:19:56,1991,Order Received,Priority,8.9
713,2024-05-02 04:23:49,710,Order Received,International,24.5
714,2023-05-27 00:39:28,1749,Order Received,Priority,8.9
715,2023-05-22 10:01:35,1892,Order Received,Standard,5.9
716,2022-07-24 05:41:17,113,Order Received,International,24.5
717,2024-12-10 06:56:20,460,Order Received,Express,11.9
718,2023-09-07 21:45:02,937,Order Received,International,24.5
719,2023-04-27 03:54:51,1544,Order Received,Express,11.9
720,2024-09-06 11:43:02,1629,Order Received,International,24.5
721,2023-12-03 08:30:16,1936,Order Received,Standard,5.9
722,2024-02-26 21:14:09,1527,Order Received,Priority,8.9
723,2023-06-20 04:02:36,1722,Order Received,International,24.5
724,2023-04-03 18:48:25,293,Order Received,Express,11.9
725,2022-06-07 22:02:51,343,Order Received,International,24.5
726,2023-09-24 22:44:33,1617,Order Received,International,24.5
727,2022-10-20 06:47:10,1931,Order Received,Priority,8.9
728,2023-06-07 09:21:20,647,Order Received,Express,11.9
729,2022-10-14 09:47:14,131,Order Received,International,24.5
730,2022-10-29 18:51:45,764,Order Received,Priority,8.9
731,2023-06-12 19:24:17,808,Order Received,Express,11.9
732,2022-10-31 20:01:50,970,Order Received,International,24.5
733,2023-08-08 03:02:35,1222,Order Received,Priority,8.9
734,2022-09-18 10:38:45,414,Order Received,Standard,5.9
735,2022-12-14 19:59:17,803,Order Received,International,24.5
736,2023-06-26 09:03:57,1037,Order Received,International,24.5
737,2022-05-28 05:27:50,1903,Order Received,International,24.5
738,2024-02-11 11:19:21,342,Order Received,Priority,8.9
739,2024-04-29 11:03:30,624,Order Received,Express,11.9
740,2024-12-29 01:18:38,1241,Order Received,Express,11.9
741,2023-10-02 10:28:44,399,Order Received,Express,11.9
742,2024-02-18 08:24:30,344,Order Received,Priority,8.9
743,2024-07-19 06:33:04,672,Order Received,Express,11.9
744,2023-01-12 13:53:58,1032,Order Received,Express,11.9
745,2023-06-19 02:13:58,1156,Order Received,Standard,5.9
746,2024-04-25 02:25:57,1604,Order Received,International,24.5
747,2024-08-14 15:13:28,1671,Order Received,Priority,8.9
748,2022-10-04 16:28:30,1726,Order Received,Express,11.9
749,2023-08-12 21:06:34,1897,Order Received,International,24.5
750,2023-08-19 01:54:28,23,Order Received,Standard,5.9
751,2022-04-04 03:22:09,1286,Order Received,Express,11.9
752,2022-12-22 11:56:49,1748,Order Received,Standard,5.9
753,2025-01-02 17:46:23,1917,Order Received,Standard,5.9
754,2024-03-05 03:16:15,348,Order Received,Priority,8.9
755,2023-01-26 11:17:37,619,Order Received,Priority,8.9
756,2024-07-17 06:14:44,864,Order Received,Express,11.9
757,2023-06-29 06:07:33,994,Order Received,International,24.5
758,2023-03-30 01:17:12,1391,Order Received,Express,11.9
759,2024-12-17 06:24:53,1529,Order Received,Express,11.9
760,2023-11-30 03:24:26,1589,Order Received,Priority,8.9
761,2024-06-23 20:06:24,1834,Order Received,Express,11.9
762,2023-09-08 04:28:02,1890,Order Received,Express,11.9
763,2024-07-05 13:01:13,1979,Order Received,Priority,8.9
764,2023-05-05 04:17:12,450,Order Received,Express,11.9
765,2023-08-31 01:21:55,1545,Order Received,Priority,8.9
766,2022-05-04 00:27:56,30,Order Received,Standard,5.9
767,2024-03-26 09:39:45,1877,Order Received,International,24.5
768,2024-03-18 00:29:58,912,Order Received,Standard,5.9
769,2024-09-13 07:37:50,1375,Order Received,Express,11.9
770,2022-03-30 09:35:16,256,Order Received,International,24.5
771,2025-01-29 06:35:53,1489,Order Received,Express,11.9
772,2023-02-22 04:10:46,304,Order Received,Standard,5.9
773,2023-10-17 09:07:39,1240,Order Received,International,24.5
774,2023-07-30 04:54:43,610,Order Received,Express,11.9
775,2022-08-10 00:16:56,1625,Order Received,Standard,5.9
776,2024-02-13 22:15:33,1674,Order Received,Standard,5.9
777,2022-08-21 01:29:10,558,Order Received,Express,11.9
778,2022-10-18 09:00:37,1783,Order Received,International,24.5
779,2024-03-11 02:55:19,594,Order Received,International,24.5
780,2022-04-16 11:31:48,967,Order Received,Priority,8.9
781,2024-07-23 13:52:43,1216,Order Received,Express,11.9
782,2024-11-05 05:01:29,577,Order Received,Priority,8.9
783,2024-11-06 07:40:08,651,Order Received,Express,11.9
784,2022-04-30 17:35:16,1104,Order Received,Express,11.9
785,2022-05-19 14:15:03,1801,Order Received,Priority,8.9
786,2025-01-22 05:34:53,546,Order Received,Standard,5.9
787,2024-07-15 14:53:35,795,Order Received,International,24.5
788,2023-06-27 05:50:13,910,Order Received,Priority,8.9
789,2023-03-06 13:58:08,1086,Order Received,Priority,8.9
790,2023-10-16 09:59:00,1180,Order Received,International,24.5
791,2023-03-22 05:03:51,1571,Order Received,International,24.5
792,2024-11-10 19:28:35,1605,Order Received,Standard,5.9
793,2022-03-18 01:34:42,275,Order Received,Express,11.9
794,2022-12-30 11:48:17,657,Order Received,Priority,8.9
795,2022-11-05 07:11:10,1812,Order Received,Express,11.9
796,2024-11-18 19:23:50,462,Order Received,Priority,8.9
797,2023-01-01 04:58:32,1584,Order Received,Priority,8.9
798,2022-11-07 05:03:56,1637,Order Received,Express,11.9
799,2024-12-09 16:34:15,19,Order Received,Priority,8.9
800,2024-01-15 18:21:39,294,Order Received,International,24.5
801,2024-02-03 20:49:23,755,Order Received,Standard,5.9
802,2024-03-13 03:29:41,608,Order Received,Priority,8.9
803,2022-09-20 12:05:44,987,Order Received,International,24.5
804,2023-09-07 19:27:57,504,Order Received,Priority,8.9
805,2022-05-01 10:05:44,1431,Order Received,Standard,5.9
806,2023-11-28 05:43:28,819,Order Received,Priority,8.9
807,2024-01-27 07:00:38,1073,Order Received,International,24.5
808,2024-12-30 22:46:58,1123,Order Received,International,24.5
809,2023-02-23 22:52:48,202,Order Received,Standard,5.9
810,2024-08-10 02:46:57,348,Order Received,International,24.5
811,2024-01-12 04:03:00,652,Order Received,Express,11.9
812,2023-11-26 17:00:43,1177,Order Received,Express,11.9
813,2023-09-08 11:52:48,1683,Order Received,International,24.5
814,2023-09-16 13:42:57,143,Order Received,Standard,5.9
815,2023-01-30 22:47:13,559,Order Received,Priority,8.9
816,2022-12-25 10:36:51,902,Order Received,Express,11.9
817,2023-09-20 09:41:28,933,Order Received,International,24.5
818,2023-08-15 05:42:34,476,Order Received,Standard,5.9
819,2024-02-08 10:21:43,1052,Order Received,Standard,5.9
820,2022-03-22 14:35:46,1439,Order Received,Priority,8.9
821,2024-01-18 05:10:16,394,Order Received,Standard,5.9
822,2024-09-15 03:59:18,820,Order Received,Express,11.9
823,2023-10-24 18:20:39,1059,Order Received,Priority,8.9
824,2024-11-17 13:44:57,398,Order Received,International,24.5
825,2023-03-22 13:14:31,539,Order Received,Priority,8.9
826,2024-01-23 20:57:20,845,Order Received,Standard,5.9
827,2025-01-01 04:04:57,381,Order Received,Standard,5.9
828,2023-04-18 22:04:18,592,Order Received,Express,11.9
829,2024-05-21 11:43:29,631,Order Received,Priority,8.9
830,2024-07-02 13:13:36,701,Order Received,International,24.5
831,2022-11-12 14:53:29,1219,Order Received,Standard,5.9
832,2023-09-14 08:59:49,1706,Order Received,International,24.5
833,2024-05-12 02:01:29,1665,Order Received,Priority,8.9
834,2023-05-09 18:35:56,1865,Order Received,Express,11.9
835,2022-03-31 12:15:35,1364,Order Received,Standard,5.9
836,2022-04-14 06:39:00,1872,Order Received,Standard,5.9
837,2023-12-20 05:06:53,1934,Order Received,Standard,5.9
838,2022-08-22 02:26:02,98,Order Received,Express,11.9
839,2024-03-22 13:18:52,105,Order Received,International,24.5
840,2024-04-18 04:10:22,1782,Order Received,International,24.5
841,2023-06-02 20:33:29,1069,Order Received,Standard,5.9
842,2024-02-02 06:09:07,1539,Order Received,Standard,5.9
843,2023-09-16 16:58:12,1805,Order Received,Standard,5.9
844,2022-06-21 16:10:01,187,Order Received,Priority,8.9
845,2023-05-10 23:32:43,360,Order Received,Standard,5.9
846,2024-05-01 02:57:45,1176,Order Received,Express,11.9
847,2022-11-25 01:29:06,1285,Order Received,Express,11.9
848,2022-11-21 14:39:20,67,Order Received,International,24.5
849,2023-08-10 14:11:40,1195,Order Received,Express,11.9
850,2022-05-01 06:53:58,1377,Order Received,Express,11.9
851,2024-08-05 16:26:34,1619,Order Received,Standard,5.9
852,2022-03-01 23:25:15,1853,Order Received,Express,11.9
853,2024-07-20 22:06:54,871,Order Received,Standard,5.9
854,2022-10-31 06:29:59,1020,Order Received,Express,11.9
855,2022-08-10 09:33:49,1842,Order Received,Priority,8.9
856,2024-11-04 16:18:52,102,Order Received,Express,11.9
857,2024-05-28 21:00:22,518,Order Received,Express,11.9
858,2022-12-09 01:23:31,577,Order Received,Express,11.9
859,2022-12-07 18:29:45,911,Order Received,International,24.5
860,2024-02-07 15:59:46,1806,Order Received,International,24.5
861,2022-05-11 06:34:09,747,Order Received,Express,11.9
862,2023-08-26 17:57:12,1255,Order Received,Express,11.9
863,2024-12-17 07:05:33,1287,Order Received,International,24.5
864,2023-03-23 10:17:05,1396,Order Received,International,24.5
865,2023-05-18 00:40:57,1425,Order Received,Standard,5.9
866,2023-12-04 05:30:19,1589,Order Received,Priority,8.9
867,2023-12-22 15:33:48,49,Order Received,International,24.5
868,2022-12-30 19:15:31,947,Order Received,Express,11.9
869,2024-12-18 22:56:48,1189,Order Received,Priority,8.9
870,2023-03-15 11:45:44,1699,Order Received,Standard,5.9
871,2022-12-03 06:04:04,1779,Order Received,Priority,8.9
872,2024-06-27 22:31:55,135,Order Received,Standard,5.9
873,2023-10-28 02:36:03,212,Order Received,Express,11.9
874,2024-01-04 03:43:57,901,Order Received,Priority,8.9
875,2024-07-24 12:36:58,1269,Order Received,Standard,5.9
876,2024-06-02 03:13:00,1309,Order Received,Express,11.9
877,2022-09-14 08:40:32,1675,Order Received,International,24.5
878,2024-05-14 04:59:18,165,Order Received,Priority,8.9
879,2023-06-19 05:48:16,964,Order Received,Priority,8.9
880,2024-04-19 06:29:27,531,Order Received,Standard,5.9
881,2024-04-24 12:11:23,645,Order Received,Express,11.9
882,2023-01-24 18:17:32,1167,Order Received,Priority,8.9
883,2023-03-19 10:57:00,1598,Order Received,Standard,5.9
884,2022-03-31 08:31:30,267,Order Received,Priority,8.9
885,2023-07-17 04:31:38,306,Order Received,International,24.5
886,2023-11-10 22:23:53,798,Order Received,Express,11.9
887,2024-04-11 13:55:23,1027,Order Received,Priority,8.9
888,2023-05-07 04:03:38,1316,Order Received,Standard,5.9
889,2022-11-11 12:56:46,1483,Order Received,Priority,8.9
890,2025-01-22 06:32:15,1519,Order Received,Express,11.9
891,2023-03-15 20:47:55,446,Order Received,International,24.5
892,2025-02-03 13:26:31,1154,Order Received,Standard,5.9
893,2023-10-11 09:18:46,107,Order Received,International,24.5
894,2023-09-12 21:04:07,1804,Order Received,Priority,8.9
895,2025-01-28 17:35:30,1913,Order Received,Express,11.9
896,2025-01-03 13:43:49,104,Order Received,Priority,8.9
897,2023-04-11 19:39:05,377,Order Received,Standard,5.9
898,2023-12-16 22:54:31,943,Order Received,International,24.5
899,2022-07-13 07:30:20,1864,Order Received,International,24.5
900,2022-03-26 21:31:58,21,Order Received,Standard,5.9
901,2023-06-14 18:40:32,177,Order Received,Express,11.9
902,2022-04-14 06:08:41,348,Order Received,Standard,5.9
903,2025-02-09 09:46:32,700,Order Received,Express,11.9
904,2023-05-10 23:32:15,1007,Order Received,Priority,8.9
905,2024-07-26 12:20:16,1268,Order Received,International,24.5
906,2024-05-24 11:41:08,1284,Order Received,International,24.5
907,2022-03-16 04:05:25,1973,Order Received,Standard,5.9
908,2024-02-05 09:39:02,522,Order Received,Express,11.9
909,2022-10-24 15:39:12,647,Order Received,Standard,5.9
910,2023-05-15 07:39:36,800,Order Received,Priority,8.9
911,2024-06-22 17:45:57,833,Order Received,International,24.5
912,2022-07-13 17:42:52,863,Order Received,Express,11.9
913,2023-08-07 21:47:15,948,Order Received,Express,11.9
914,2022-06-02 03:38:04,198,Order Received,Priority,8.9
915,2023-04-28 06:04:13,438,Order Received,Express,11.9
916,2024-02-24 23:43:55,932,Order Received,International,24.5
917,2022-10-09 01:22:43,1077,Order Received,Express,11.9
918,2025-01-26 17:42:29,263,Order Received,Standard,5.9
919,2024-04-05 01:09:01,847,Order Received,Standard,5.9
920,2024-02-01 19:35:09,54,Order Received,Standard,5.9
921,2025-02-09 14:52:57,108,Order Received,Standard,5.9
922,2025-02-15 23:35:58,229,Order Received,International,24.5
923,2022-03-30 15:33:06,494,Order Received,International,24.5
924,2024-04-03 00:11:32,851,Order Received,International,24.5
925,2022-06-15 20:47:27,862,Order Received,Express,11.9
926,2024-02-20 22:23:55,543,Order Received,International,24.5
927,2024-05-11 11:33:43,836,Order Received,Express,11.9
928,2022-05-22 07:11:32,1096,Order Received,Priority,8.9
929,2024-11-28 21:41:48,1113,Order Received,Priority,8.9
930,2024-08-23 00:36:51,1576,Order Received,International,24.5
931,2023-10-28 21:30:13,1818,Order Received,Standard,5.9
932,2022-09-01 08:08:42,422,Order Received,Priority,8.9
933,2023-01-17 22:19:42,1349,Order Received,Standard,5.9
934,2022-09-06 04:02:04,1521,Order Received,Express,11.9
935,2024-04-19 08:48:20,66,Order Received,International,24.5
936,2022-05-17 00:06:04,256,Order Received,Priority,8.9
937,2022-03-08 07:46:18,310,Order Received,International,24.5
938,2023-11-24 15:51:26,571,Order Received,Priority,8.9
939,2022-03-22 04:26:45,1528,Order Received,Express,11.9
940,2022-11-23 02:51:41,133,Order Received,Standard,5.9
941,2023-10-19 03:27:18,1438,Order Received,International,24.5
942,2022-11-30 04:59:59,4,Order Received,Priority,8.9
943,2024-12-18 05:00:08,612,Order Received,Express,11.9
944,2023-12-01 15:08:55,1469,Order Received,Priority,8.9
945,2024-07-13 15:54:25,1637,Order Received,Express,11.9
946,2024-09-05 10:59:51,812,Order Received,Standard,5.9
947,2024-12-06 06:53:33,800,Order Received,Standard,5.9
948,2022-05-21 21:05:02,534,Order Received,Express,11.9
949,2022-09-28 15:39:54,1332,Order Received,Priority,8.9
950,2022-06-01 00:59:06,1698,Order Received,Standard,5.9
951,2024-12-26 10:50:10,1828,Order Received,International,24.5
952,2022-11-02 18:07:17,50,Order Received,Priority,8.9
953,2024-10-28 19:53:15,451,Order Received,Standard,5.9
954,2024-12-20 11:52:29,1316,Order Received,Standard,5.9
955,2024-10-22 11:44:00,1714,Order Received,Priority,8.9
956,2023-06-10 09:10:01,924,Order Received,Express,11.9
957,2022-11-11 09:40:28,1138,Order Received,Express,11.9
958,2024-03-17 18:25:01,1482,Order Received,Priority,8.9
959,2025-01-15 11:57:16,565,Order Received,International,24.5
960,2022-09-18 02:29:13,1974,Order Received,Standard,5.9
961,2024-12-15 00:46:03,39,Order Received,Standard,5.9
962,2022-07-22 05:18:05,84,Order Received,Priority,8.9
963,2022-09-20 10:55:17,455,Order Received,Standard,5.9
964,2023-06-23 04:53:58,1296,Order Received,Standard,5.9
965,2024-05-05 07:54:02,1488,Order Received,International,24.5
966,2025-01-18 23:07:07,1701,Order Received,International,24.5
967,2024-09-10 21:15:04,131,Order Received,Standard,5.9
968,2023-07-19 16:48:39,405,Order Received,Standard,5.9
969,2022-12-07 21:14:53,1822,Order Received,Priority,8.9
970,2024-08-14 01:31:03,1999,Order Received,Priority,8.9
971,2023-02-28 18:42:13,90,Order Received,International,24.5
972,2022-04-14 18:49:01,293,Order Received,International,24.5
973,2024-10-01 10:17:30,376,Order Received,Priority,8.9
974,2022-07-11 15:17:43,1487,Order Received,Express,11.9
975,2024-01-03 19:05:16,952,Order Received,Standard,5.9
976,2024-03-20 22:06:59,1633,Order Received,Priority,8.9
977,2023-11-21 21:31:30,1853,Order Received,Priority,8.9
978,2024-09-27 07:01:48,1912,Order Received,International,24.5
979,2022-11-10 00:57:07,1493,Order Received,Priority,8.9
980,2024-06-05 15:55:13,1506,Order Received,Priority,8.9
981,2023-03-27 19:01:13,305,Order Received,Priority,8.9
982,2022-05-27 15:12:30,1199,Order Received,Priority,8.9
983,2023-04-26 10:52:49,1381,Order Received,Express,11.9
984,2024-03-11 10:57:19,272,Order Received,Express,11.9
985,2023-08-15 03:19:50,533,Order Received,Priority,8.9
986,2022-11-01 01:47:21,654,Order Received,Priority,8.9
987,2025-01-18 17:07:27,669,Order Received,Express,11.9
988,2023-04-11 10:21:32,167,Order Received,International,24.5
989,2023-07-26 07:48:29,184,Order Received,International,24.5
990,2024-01-23 20:13:34,1481,Order Received,International,24.5
991,2024-11-24 15:07:45,1854,Order Received,International,24.5
992,2024-05-04 22:31:13,471,Order Received,Express,11.9
993,2024-03-13 16:49:38,1004,Order Received,Express,11.9
994,2023-07-03 10:08:16,1208,Order Received,Express,11.9
995,2023-07-22 06:16:39,406,Order Received,Express,11.9
996,2024-10-20 17:08:18,683,Order Received,Priority,8.9
997,2024-02-06 18:14:01,55,Order Received,Express,11.9
998,2023-06-21 13:17:46,162,Order Received,Express,11.9
999,2023-10-28 05:37:45,218,Order Received,Priority,8.9
1000,2024-03-13 00:23:37,1092,Order Received,Express,11.9
