book_id,title,isbn13,author_name,language_name,num_pages,publication_date,publisher_name
1,The World's First Love: Mary  Mother of God,8987059752,,United States English,276,1996-09-01,
2,The Illuminati,20049130001,,English,352,2004-10-04,
3,The Servant Leader,23755004321,,English,128,2003-03-11,
4,What Life Was Like in the Jewel in the Crown: British India  AD 1600-1905,34406054602,,English,168,1999-09-01,
5,Cliffs Notes on Aristophanes' Lysistrata  The Birds  The Clouds  The Frogs,49086007763,,English,80,1983-12-29,Cliffs Notes
6,Life Is a Dream and Other Spanish Classics (Eric Bentley's Dramatic Repertoire) - Volume II,73999140774,,English,298,2000-04-01,Applause Theatre & Cinema Book Publishers
7,William Goldman: Four Screenplays,73999254907,,United States English,504,2000-05-01,Applause Books
8,The Season: A Candid Look at Broadway,73999768442,,English,448,2004-07-01,
9,The Beatles Complete - Updated Edition,73999960822,,English,303,1986-12-01,Hal Leonard Publishing Corporation
10,Working Effectively with Legacy Code,76092025986,,English,464,2004-09-01,
11,The Complete Anne of Green Gables Boxed Set (Anne of Green Gables  #1-8),76783609419,,English,2088,1998-10-06,
12,Plants Bite Back! (DK Readers),635517047547,,English,48,1999-10-25,DK Publishing (Dorling Kindersley)
13,The Book of Awakening: Having the Life You Want by Being Present to the Life You Have,645241001173,,English,438,2000-05-31,Conari Press
14,Risotto: 30 Simply Delicious Vegetarian Recipes from an Italian Kitchen,694055000612,,English,64,2001-03-01,
15,Prétear  Vol. 3 (Prétear  #3),702727014581,,English,172,2004-10-12,ADV Manga
16,The Mystery in the Rocky Mountains,710430023622,,English,145,2001-04-01,Carole Marsh Mysteries
17,The Mystery on the Mighty Mississippi,710430023639,,English,142,2001-04-01,Carole Marsh Mysteries
18,Programming in C,752063326664,,English,576,2004-07-08,
19,PHP and MySQL Web Development (Developer's Library),752063326725,,United States English,1008,2004-10-01,
20,Manhunt Official Strategy Guide,752073003227,,English,175,2003-11-25,BradyGames
21,Living La Dolce Vita: Bring the Passion  Laughter  and Serenity of Italy Into Your Daily Life,760789719271,,English,272,2003-04-01,
22,Aliens: Original Sin,761568107371,,English,256,2005-10-26,Dark Horse Books
23,The Zen of CSS Design: Visual Enlightenment for the Web,785342303476,,United States English,296,2005-02-17,
24,Algorithms in C  Parts 1-4: Fundamentals  Data Structures  Sorting  Searching,785342314526,,British English,720,1997-09-27,Addison-Wesley Professional
25,Healing Therapies for Overcoming Insomnia,798499100096,,English,175,2005-02-23,Crystal Clarity Publishers
26,The Prophet,9780001000391,,English,127,2010-01-01,
27,Sam And The Firefly (Beginner Books),9780001713192,,English,64,1985-06-17,Collins
28,After the Funeral,9780002310192,Agatha Christie,English,251,2001-07-02,HarperCollins
29,Sleeping Murder (Miss Marple  #13),9780002317856,Agatha Christie,English,242,2003-08-04,Dodd Mead; 1st edition (September 1976)
30,The One Tree (The Second Chronicles of Thomas Covenant  #2),9780006163831,,British English,479,1996-11-18,Fontana
31,The Great And Secret Show (Book of the Art #1),9780006176954,,English,698,1990-04-26,Fontana Books
32,Rage of Angels,9780006178736,,English,512,1999-08-03,HarperCollins Publishers
33,The Four Loves,9780006280897,,United States English,170,2002-06-05,HarperCollins Publishers Ltd
34,Divine Conspiracy: Rediscovering Our Hidden Life in God,9780006281146,,United States English,384,1998-10-05,Fount
35,Agatha Christie: An Autobiography,9780006353287,Agatha Christie,English,560,2001-01-02,HarperCollins
36,Empires of the Monsoon: A History of the Indian Ocean and Its Invaders,9780006380832,,English,608,1998-01-01,HarperCollins Publishers
37,Executive Orders (Jack Ryan  #8),9780006479758,,English,1273,1998-01-01,HarperCollins
38,Warhost of Vastmark (Wars of Light & Shadow  #3; Arc 2 - The Ships of Merior  #2),9780006482079,,English,522,2009-07-01,
39,Sacrament,9780006482642,,English,594,1997-05-01,Harper Voyager
40,Witness for the Prosecution and Selected Plays,9780006490456,Agatha Christie,English,352,1995-10-07,HarperCollins Publishers Ltd
41,The Little House,9780006496434,,English,368,1998-02-01,HarperCollins Publishers
42,Mystical Paths (Starbridge  #5),9780006496878,,English,576,1996-07-01,HarperCollins Publishers
43,Glittering Images (Starbridge  #1),9780006496892,,English,512,1996-07-22,Fontana
44,Scandalous Risks,9780006496908,,English,480,2009-07-22,Harper
45,Glamorous Powers (Starbridge  #2),9780006496922,,British English,512,1996-07-22,HarperCollins
46,The Mad Ship (Liveship Traders  #2),9780006498865,,English,906,2008-02-04,Harper Voyager
47,The Reverse of the Medal (Aubrey & Maturin #11),9780006499268,,English,261,2010-04-01,HarperCollins
48,Miss Marple Omnibus Vol. 3 (Murder at the Vicarage / Nemesis / Sleeping Murder / At Bertram's Hotel),9780006499619,Agatha Christie,English,688,1997-07-10,Harper Collins
49,Zelda's Cut,9780006511779,,English,432,2001-02-01,HarperCollins Publishers
50,Spares,9780006512677,,English,317,1998-11-02,HarperCollins
51,The Wise Woman,9780006514640,,English,640,2002-02-01,HarperCollins Publishers
52,Girls' Night In,9780006514855,Adèle Lang,British English,586,2000-07-03,HarperCollins
52,Girls' Night In,9780006514855,Alisa Valdes,British English,586,2000-07-03,HarperCollins
52,Girls' Night In,9780006514855,Anna Maxted,British English,586,2000-07-03,HarperCollins
53,She Came to Stay,9780006540809,,British English,416,1995-10-09,Flamingo
54,The Bonesetter's Daughter,9780006550433,,English,352,2004-10-01,Harper Perennial
55,Ocean Star Express,9780006646006,,English,32,2002-07-01,HarperCollins UK
56,The Collection: The Outsiders / Rumble Fish / That Was Then  This Is Now,9780006751151,,English,448,1995-06-01,HarperCollins Publishers
57,A Small Pinch of Weather,9780006754893,,English,239,2000-01-01,HarperCollins Publishers
58,Image-Music-Text,9780006861355,,English,220,1993-09-13,Fontana Press
59,The Princess of the Chalet School,9780006906018,,English,159,2000-01-01,HarperCollins
60,Grand Conspiracy (Wars of Light & Shadow #5; Arc 3 - Alliance of Light  #2),9780007102228,,English,614,2007-11-05,HarperVoyager
61,The One Minute Minute Sales Person,9780007104840,,English,109,2000-06-01,HarperCollins Publishers
62,Tree and Leaf: Includes Mythopoeia and The Homecoming of Beorhtnoth,9780007105045,,English,150,2001-02-05,HarperCollins Publishers Ltd
63,Dreamland (Dreamland  #1),9780007109661,,English,375,2001-07-02,HarperCollins Publishers Ltd
64,Partners in Crime (Tommy and Tuppence #2),9780007111503,Agatha Christie,English,347,2001-01-01,HarperCollins Publishers
65,The Lord of the Rings: The Return of the King - Visual Companion,9780007116263,,English,72,2003-11-06,HarperCollins
66,All Families Are Psychotic,9780007117536,,English,279,2002-07-01,Harper Perennial
67,Hallowe'en Party (Hercule Poirot  #39),9780007120680,Agatha Christie,English,336,2001-09-03,Harper
68,Hercule Poirot's Christmas (Hercule Poirot  #20),9780007120697,Agatha Christie,English,335,2001-09-01,HarperCollins Publishers
69,Mrs. McGinty's Dead (Hercule Poirot  #30),9780007121007,Agatha Christie,English,328,2002-07-01,HarperCollins Publishers
70,Dead Man's Folly (Hercule Poirot  #33),9780007121076,,English,288,2008-07-01,HarperCollins Publishers
71,The Metaphysical Club,9780007126903,,English,560,2010-02-01,HarperCollins Publishers
72,At the Mountains of Madness and Other Novels of Terror,9780007127771,,English,552,2002-06-17,
73,The Lord of the Rings (The Lord of the Rings  #1-3),9780007136582,Alan Lee,English,1200,2002-09-16,
74,The Annotated Hobbit,9780007137275,,English,411,2003-04-07,HarperCollins
75,The History of Middle-Earth Index (The History of Middle-Earth  #13),9780007137435,,English,484,2002-08-05,HarperCollins
76,The Lord of the Rings / The Hobbit,9780007144082,,English,1600,2002-10-07,Collins Modern Classics
77,Complete Works of Oscar Wilde,9780007144358,,English,1270,2003-08-04,HarperCollins Publishers
78,Naked Empire (Sword of Truth  #8),9780007145591,,British English,685,2004-10-01,
79,Roverandom,9780007149117,,English,116,2002-09-02,HarperCollins Publishers
80,Tales from the Perilous Realm,9780007149124,,English,178,2002-09-02,HarperCollins Publishers
81,The Yiddish Policemen's Union,9780007149827,,English,414,2007-05-01,HarperCollins
82,The Solace Of Leaving Early,9780007152537,,British English,315,2003-11-03,Flamingo
83,How to Be Alone,9780007153589,,English,306,2007-07-02,Harper Perennial
84,Out of the Silent Planet (The Space Trilogy  #1),9780007157150,,English,224,2005-12-05,HarperCollins
85,The Real Trial of Oscar Wilde,9780007158058,,English,384,2004-10-05,Harper Perennial
86,I Can Read With My Eyes Shut!,9780007158515,,English,48,2003-05-06,HarperCollinsChildren’sBooks
87,Oh  The Places You’ll Go!,9780007158522,,English,48,2003-05-06,HarperCollinsChildren’sBooks
88,If I Die in a Combat Zone,9780007162994,,English,208,2003-04-07,Flamingo
89,Are You Afraid of the Dark?,9780007165162,,English,401,2005-07-01,HarperCollins Publishers
90,And to Think That I Saw It on Mulberry Street,9780007169924,,English,64,2003-08-04,
91,Ten Apples Up On Top!,9780007169979,,English,62,2003-08-04,HarperCollinsChildren’sBooks
92,The Opposite of Fate,9780007170401,Amy Tan,English,398,2004-07-01,Harper Perennial
93,The Return of the King (The Lord of the Rings  #3),9780007171996,,English,554,2003-11-06,HarperCollins Publishers Ltd
94,I Wish That I Had Duck Feet,9780007173136,,English,64,2004-01-05,HarperCollinsChildren’sBooks
95,Horton Hatches the Egg,9780007175192,,English,64,2004-10-02,Harpercollins Children's Books
96,Oh Say Can You Say?,9780007175222,,English,36,2005-11-01,
97,Wild Swans: Three Daughters of China,9780007176151,,English,666,2004-04-05,Harper Perennial
98,If I Don't Write It Nobody Else Will: An Autobiography,9780007177844,,English,512,2006-05-01,Fourth Estate
99,Reading Lolita in Tehran,9780007178483,,English,343,2004-01-02,Fourth Estate
100,The Monk Who Sold His Ferrari: A Fable about Fulfilling Your Dreams and Reaching Your Destiny (Revised),9780007179732,,English,241,2015-12-31,Harper Element
101,Microserfs,9780007179817,,English,371,2008-01-01,Harper Perennial
102,Where Rainbows End,9780007189953,,English,454,2004-11-08,HarperCollins
103,Poirot: The Complete Ariadne Oliver  Vol. 2,9780007190683,Agatha Christie,United States English,727,2005-06-01,HarperCollins Publishers
104,The Known World,9780007195305,,English,388,2004-10-01,Harper Perennial
105,The Mandarins,9780007203949,,English,752,2005-05-03,Harper Perennial
106,Naked Lunch: The Restored Text,9780007204441,,English,289,2005-05-03,HarperCollins Publishers
107,Fear and Loathing in Las Vegas,9780007204496,,English,230,2005-04-04,Harper Perennial
108,Angela's Ashes,9780007718726,,English,224,1998-12-17,
109,The Love of the Last Tycoon,9780020199854,,English,169,1995-04-14,
110,The Song of Rhiannon,9780020264736,,English,208,1992-09-01,Collier Books
111,Heart Songs and Other Stories,9780020360759,Annie Proulx,English,203,1995-03-17,
112,Winter Cottage,9780020419709,,English,178,1974-06-01,Atheneum
113,Seaward,9780020421900,,English,167,1987-04-30,Aladdin Paperbacks
114,The Voyage of the “Dawn Treader” (The Chronicles of Narnia  #3),9780020442608,,English,216,1970-01-01,
115,The Short Stories of Ernest Hemingway,9780020518600,,English,499,1987-03-01,
116,Reason in History,9780023513206,,English,95,1995-12-24,
117,Nicomachean Ethics,9780023895302,,United States English,352,1962-01-11,
118,On Christian Doctrine,9780024021502,,English,191,1958-01-11,
119,The Elements of Style,9780024181909,,United States English,85,1991-12-12,
120,The Presocratics,9780024266408,,United States English,352,1966-01-11,
121,The Aeneid (Verse Translation),9780024277800,,United States English,368,1987-01-15,
122,Philosophical Investigations,9780024288103,,English,256,1973-03-11,
123,The MacMillan Bible Atlas,9780025006058,,United States English,215,1993-03-17,
124,Spandau: The Secret Diaries,9780026995016,Albert Speer,English,463,1976-02-05,
125,Complete Idiot's Guide to The Beatles,9780028621302,Allan Kozinn,English,384,1997-12-01,Alpha
126,Tyranny of the Majority: Fundamental Fairness in Representative Democracy,9780029131695,,English,352,1995-02-01,Free Press
127,The Origins of the Civil Rights Movements: Black Communities Organizing for Change,9780029221303,Aldon D. Morris,United States English,368,1986-09-15,Free Press
128,Presidential Power and the Modern Presidents: The Politics of Leadership from Roosevelt to Reagan,9780029227961,,English,384,1991-03-01,Free Press
129,Rest Rabbit Rest (Sweet Pickles  #18),9780030420566,,English,32,1978-03-01,Holt Rinehart and Winston Inc.
130,Where the Red Fern Grows with Connections,9780030547744,,English,288,1998-09-01,Holt McDougal
131,The Silmarillion,9780048231536,,English,441,1979-03-12,
132,Poppy's Return,9780060000141,,English,256,2006-08-22,HarperCollins
133,Her Highness  My Wife (Effingtons  #5),9780060001445,,English,362,2002-07-30,Avon HarperCollins
134,Love With the Proper Husband (Effingtons  #6),9780060001452,,English,358,2003-03-25,Avon
135,Diary of a Spider,9780060001537,,United States English,40,2005-07-26,HarperCollins
136,With Her Last Breath,9780060001810,,United States English,384,2003-06-24,Avon
137,On a Wicked Dawn (Cynster  #9),9780060002053,,English,448,2002-04-30,Avon
138,The Lady Chosen (Bastion Club  #1),9780060002060,,English,464,2003-08-26,Avon
139,An Old-Fashioned Thanksgiving,9780060004507,,English,32,2005-08-01,HarperCollins Publishers
140,The Paradox of Choice: Why More Is Less,9780060005696,,English,265,2005-01-18,Harper Perennial
141,How to Read Literature Like a Professor,9780060009427,,English,314,2014-11-14,Harper Perennial
142,American Gods,9780060010607,,English,635,2001-06-01,
143,Animal Liberation,9780060011574,,English,352,2001-12-01,Ecco Press
144,The Amazing Maurice and His Educated Rodents (Discworld  #28),9780060012342,,English,256,2001-11-06,HarperCollins
145,Going Postal (Discworld  #33),9780060013134,,United States English,377,2004-09-28,Harper
146,Kids Are Worth It!: Giving Your Child the Gift of Inner Discipline,9780060014315,,United States English,352,2002-08-20,
147,After,9780060080839,,English,352,2004-05-11,HarperTeen
148,Mary Engelbreit's Mother Goose: One Hundred Best-Loved Verses,9780060081713,,United States English,128,2005-09-20,HarperCollins
149,The Modern Mind: An Intellectual History of the 20th Century,9780060084387,,English,847,2002-07-23,Harper Perennial
150,Sharpe's Prey (Sharpe  #5),9780060084530,,English,288,2012-10-23,Harper Paperbacks
151,She Went All the Way,9780060085445,,English,357,2002-12-03,Avon
152,Island,9780060085490,Aldous Huxley,English,354,2002-07-30,Harper Perennial Classics
153,Planet of the Apes: The Fall,9780060086206,,English,288,2002-06-04,HarperEntertainment
154,Planet of the Apes: Colony,9780060086213,,English,288,2003-03-25,HarperEntertainment
155,Last Chance Saloon,9780060086244,,United States English,528,2003-05-27,HarperCollins Publishers
156,Barracuda 945 (Admiral Arnold Morgan  #6),9780060086633,,English,498,2004-06-29,HarperTorch
157,A Year in the Life of William Shakespeare: 1599,9780060088743,,English,333,2006-06-13,Harper Perennial
158,Lucy Sullivan Is Getting Married,9780060090371,,United States English,640,2007-01-23,
159,Rachel's Holiday (Walsh Family  #2),9780060090388,,English,578,2007-01-23,
160,The Terminal Man,9780060092573,,English,266,2002-11-05,Avon
161,Criss Cross,9780060092726,,United States English,337,2005-08-30,Greenwillow Books
162,Madam  Will You Talk?,9780060093563,,English,360,2003-11-25,HarperTorch
163,The Art of the Novel,9780060093747,,English,176,2003-04-01,Harper Perennial Modern Classics
164,Satan's Tail (Dreamland  #7),9780060094416,,English,405,2005-07-26,HarperTorch
165,End Game (Dreamland  #8),9780060094423,,English,432,2006-10-31,HarperTorch
166,The Bromeliad Trilogy (Omnibus: Truckers / Diggers / Wings),9780060094935,,English,502,2003-09-30,HarperCollins
167,Truckers (Bromeliad Trilogy  #1),9780060094966,,English,261,2004-04-01,HarperCollins
168,Fire Lover: A True Story,9780060095277,,English,352,2002-04-30,
169,Behaving Like Adults,9780060096687,Anna Maxted,English,400,2004-08-03,
170,The Great Gatsby,9780060098919,Alexander Scourby,English,6,2002-10-01,Caedmon
171,Merry Christmas  Amelia Bedelia,9780060099459,,English,64,2002-10-01,Greenwillow Books
172,Back to Barbary Lane: The Tales of the City Omnibus (Tales of the City  #4-6),9780060166496,,English,720,1991-11-26,Harper
173,Identity,9780060175641,,English,176,1998-04-21,Harper
174,The Third Chimpanzee: The Evolution & Future of the Human Animal,9780060183073,,English,407,1992-01-01,HarperCollins Publishers
175,The Senator and the Socialite: The True Story of America's First Black Dynasty,9780060184124,,English,480,2006-06-27,Harper
176,There's a Spiritual Solution to Every Problem,9780060192303,,English,288,2001-08-21,Harper
177,The Illustrated Alchemist: A Fable about Following Your Dream,9780060192501,Alan R. Clarke,United States English,198,1998-11-01,HarperCollins Publishers
178,Mars and Venus Book of Days: 365 Inspriations to Enrich Your Relationships,9780060192778,,United States English,368,1998-10-21,Harper
179,Body For Life: 12 Weeks to Mental and Physical Strength,9780060193393,,United States English,201,1999-06-10,HarperCollins Publishers Inc.
180,Daughter of Fortune,9780060194918,,English,399,1999-10-06,Harper
181,Stanley,9780060225353,,English,64,1992-12-31,HarperCollins Publishers
182,Betsy-Tacy and Tib (Betsy-Tacy  #2),9780060244163,,English,128,1994-11-09,HarperCollins
183,Today I Feel Silly  Other Moods That Make My Day,9780060245603,,United States English,40,2007-07-31,HarperCollins
184,Mrs. Piggle-Wiggle Treasury (Mrs. Piggle Wiggle  #1-2  #4),9780060248123,,English,392,1995-06-15,HarperCollins
185,Where the Wild Things Are,9780060254926,,English,40,2012-12-26,HarperCollins
186,We Were Not Like Other People,9780060255084,,English,216,1989-01-01,HarperCollins Publishers
187,The Missing Piece Meets the Big O,9780060256579,,English,104,2006-01-24,HarperCollins
188,The Missing Piece (The Missing Piece  #1),9780060256715,,English,112,2006-01-24,HarperCollins
189,Lafcadio  the Lion Who Shot Back,9780060256753,,English,112,2013-09-24,HarperCollins
190,Sun  Moon  Star,9780060263195,,English,62,1980-01-01,HarperCollins Publishers
191,The Secret Garden Cookbook: Recipes Inspired by Frances Hodgson Burnett's The Secret Garden,9780060277406,Amy Cotler,English,128,1999-03-19,Festival
192,Laura's Album: A Remembrance Scrapbook of Laura Ingalls Wilder,9780060278427,,English,80,1998-10-13,HarperCollins
193,The Dirt: Confessions of the World's Most Notorious Rock Band,9780060392888,,English,430,2001-05-22,Dey Street Books
194,The Moonspinners,9780060502959,,English,400,2003-11-25,HarperTorch
195,Small Wonder,9780060504083,,English,264,2003-04-15,Harper Perennial
196,Worlds Enough & Time: Five Tales of Speculative Fiction,9780060506049,,English,272,2002-11-26,Harper Voyager
197,We Were Soldiers Once ... and Young (Ia Drang - the Battle That Changed the War in Vietnam),9780060506988,,English,535,2002-02-05,HarperTorch
198,Household Saints,9780060507275,,United States English,272,2003-04-01,Harper Perennial
199,The Cheese Monkeys,9780060507404,,United States English,288,2002-09-03,Harper Perennial
200,The Last Hero (Discworld #27; Rincewind #7),9780060507770,,English,176,2002-08-20,Harper Voyager
201,Travels,9780060509057,,English,400,2002-11-05,Harpperen
202,Caesar (Masters of Rome  #5),9780060510855,,English,928,2003-01-28,Avon
203,The Forever War (The Forever War  #1),9780060510862,,English,278,2003-09-02,
204,Amelia Bedelia Goes Camping,9780060511067,,English,64,2003-04-15,Greenwillow Books
205,The Secret Sister,9780060511104,Ann Maxwell,English,416,2005-10-25,Avon
206,Amelia Bedelia Helps Out,9780060511111,,English,64,2005-01-18,Greenwillow Books
207,Whirlpool,9780060511135,Ann Maxwell,English,448,2006-10-31,Avon
208,Teach Us  Amelia Bedelia,9780060511142,,English,64,2004-06-29,Greenwillow Books
209,The Beauty Myth,9780060512187,,English,368,2002-09-24,Harper Perennial
210,Cryptonomicon,9780060512804,,English,1139,2002-11-01,Avon
211,A Light in the Attic,9780060513061,,English,176,2002-10-07,Harpercollins Childrens Books
212,Fragile Things: Short Fictions and Wonders,9780060515225,,English,360,2006-09-26,
213,What Went Wrong? The Clash Between Islam & Modernity in the Middle East,9780060516055,,English,186,2003-01-07,Harper Perennial
214,The Lady in Question (Effingtons  #7),9780060517618,,English,384,2003-11-25,Avon
215,The Hand of Dinotopia,9780060518516,Alan Dean Foster,English,416,2002-12-01,Avon Books
216,Letters from the Earth: Uncensored Writings,9780060518653,,English,321,2004-02-17,Harper Perennial Modern Classics
217,Savannah Blues (Weezie and Bebe Mysteries  #1),9780060519131,,United States English,404,2012-07-10,Harper Paperbacks
218,Touching Darkness (Midnighters  #2),9780060519568,,English,439,2006-03-01,Harper Teen
219,Blue Noon (Midnighters  #3),9780060519599,,English,384,2007-02-06,Eos
220,Tête-à-Tête: Simone de Beauvoir and Jean-Paul Sartre,9780060520595,,English,432,2005-10-04,Harper
221,The Whipping Boy,9780060521226,,English,90,2003-04-15,Greenwillow Books
222,The Innovator's Dilemma: The Revolutionary Book that Will Change the Way You Do Business,9780060521998,,English,286,2003-01-07,Harper Paperbacks
223,Ohio Class (Silent Service #5),9780060524395,,English,416,2006-07-25,Avon
224,A Nose for Murder (Jack and Jamie #1),9780060524937,,English,267,2003-03-01,Avon Books
225,Murder Unleashed (Jack and Jamie #2),9780060524944,,English,304,2004-01-01,Avon Books
226,To Collar a Killer (Jack and Jamie #3),9780060524951,,English,304,2004-11-30,Avon
227,Happiness,9780060525101,,English,320,2003-06-03,HarperPerennial
228,Size 12 Is Not Fat (Heather Wells  #1),9780060525118,,English,345,2005-12-27,
229,Size 14 Is Not Fat Either (Heather Wells  #2),9780060525125,,English,344,2006-11-28,
230,Warrior of the Light,9780060527983,,United States English,142,2004-03-30,HarperOne
231,The Devil and Miss Prym (On the Seventh Day  #3),9780060527990,Amanda Hopkinson,English,205,2006-07-03,HarperOne
232,The Wapshot Chronicle,9780060528874,,English,352,2003-06-03,Harper Perennial Modern Classics
233,The Big Bing: Black Holes of Time Management  Gaseous Executive Bodies  Exploding Careers  and Other Theories on the Origins of the Business Universe,9780060529574,,United States English,368,2006-01-03,Harper Business
234,Sharpe's Fury (Sharpe  #11),9780060530488,,English,352,2006-08-22,Harper
235,The Lion  the Witch and the Wardrobe,9780060530839,,United States English,112,2003-11-04,HarperCollins
236,Kisscut (Grant County  #2),9780060534042,,English,436,2003-09-30,HarperTorch
237,A Faint Cold Fear (Grant County  #3),9780060534059,,English,422,2004-07-27,Harper
238,City of the Beasts (Eagle and Jaguar  #1),9780060535032,,English,408,2004-04-27,
239,Walt Whitman: A Life,9780060535117,,English,464,2003-07-08,Harper Perennial Modern Classics
240,Brave New World and Brave New World Revisited,9780060535261,Aldous Huxley,English,340,2004-06-01,HarperCollins
241,How to Make Love Like a Porn Star: A Cautionary Tale,9780060539092,,English,592,2004-08-17,
242,Rough Crossings: Britain  the Slaves and the American Revolution,9780060539160,,English,496,2006-04-25,Ecco / HarperCollins
243,The Outsider,9780060539252,,United States English,672,2003-07-29,Harpperen
244,Burning Chrome (Sprawl  #0),9780060539825,,English,224,2003-07-29,Harper Voyager
245,Dead Wrong (Joanna Brady  #12),9780060540906,,English,368,2006-07-25,
246,1421: The Year China Discovered America,9780060540944,,English,650,2004-01-01,Harper Perennial (NYC)
247,13 Little Blue Envelopes (Little Blue Envelope  #1),9780060541439,,English,322,2010-12-21,HarperCollins Publishers
248,The Andromeda Strain (Andromeda  #1),9780060541811,,English,327,2003-10-28,Avon Books
249,Congo,9780060541835,,English,442,2003-10-28,Avon Books
250,Only You Can Save Mankind (Johnny Maxwell  #1),9780060541873,,English,210,2006-07-25,HarperTrophy
251,Amelia Bedelia 50th Anniversary Library: Amelia Bedelia  Amelia Bedelia and the Surprise Shower  and Play Ball  Amelia Bedelia,9780060542382,,English,96,2012-12-26,Greenwillow Books
252,Lizabeth's Story (The Girls of Lighthouse Lane #3),9780060543495,,English,192,2005-10-18,HarperCollins
253,Amanda's Story (The Girls of Lighthouse Lane #4),9780060543525,,English,208,2006-03-14,HarperCollins
254,Bradbury Stories: 100 of His Most Celebrated Tales,9780060544881,,English,912,2005-04-05,
255,With No One as Witness (Inspector Lynley  #13),9780060545611,,English,784,2006-02-28,Harper
256,What Came Before He Shot Her (Inspector Lynley  #14),9780060545628,,English,560,2006-10-17,Harper
257,My Invented Country: A Nostalgic Journey Through Chile,9780060545642,,United States English,199,2003-05-27,Harper
258,The Bradbury Chronicles: The Life of Ray Bradbury,9780060545840,,United States English,384,2006-02-21,Harper Perennial
259,Three Rotten Eggs (The Hamlet Chronicles  #5),9780060546571,,English,240,2005-01-18,HarperCollins
260,The Wicked Day (Arthurian Saga  #4),9780060548285,,English,417,2003-05-01,Eos
261,The Game: Penetrating the Secret Society of Pickup Artists,9780060554736,,United States English,464,2005-09-06,
262,The Lion  the Witch and the Wardrobe (Chronicles of Narnia  #1),9780060556501,,English,48,2004-09-21,HarperCollins
263,Gold: The Final Science Fiction Collection,9780060556525,,English,416,2003-10-21,Harper Voyager
264,The Red Queen: Sex and the Evolution of Human Nature,9780060556570,,English,405,2003-04-29,Harper Perennial (HarperCollins)
265,All Aunt Hagar's Children: Stories,9780060557560,,United States English,399,2006-08-29,Amistad
266,Neverwhere (London Below  #1),9780060557812,,English,370,2003-09-02,
267,Gentlemen and Players,9780060559144,,English,422,2006-01-03,
268,The Prince Kidnaps a Bride (Lost Princesses  #3),9780060561185,,English,384,2006-11-28,Avon
269,Nimitz Class (Admiral Arnold Morgan  #1),9780060564421,,English,495,2004-02-03,Harper Paperbacks
270,The Kindness of Strangers,9780060564780,,United States English,400,2007-01-02,
271,These Happy Golden Years (Little House  #8),9780060565084,,English,7,2006-03-28,HarperFestival
272,The First Four Years (Little House  #9),9780060565091,,English,3,2006-06-13,HarperFestival
273,Built to Last: Successful Habits of Visionary Companies,9780060566104,,English,368,2004-11-02,Harper Business
274,Fluke: Or  I Know Why the Winged Whale Sings,9780060566685,,English,321,2004-06-15,Harper
275,Lord of Light,9780060567231,,English,296,2010-03-30,Harper Voyager
276,The Perennial Philosophy,9780060570583,Aldous Huxley,English,336,2004-04-13,Harper Perennial Modern Classics
277,A Crack in the Edge of the World,9780060572006,,English,419,2006-10-10,Harper Perennial
278,Truth and Beauty,9780060572150,Ann Patchett,English,257,2005-04-05,Harper Perennial
279,Where the Sidewalk Ends: Poems and Drawings,9780060572341,,English,192,2014-02-18,HarperCollins
280,Dead Witch Walking (The Hollows  #1),9780060572969,,United States English,416,2004-07-01,HarperTorch
281,The Good  the Bad  and the Undead (The Hollows  #2),9780060572976,,English,453,2005-01-25,HarperTorch
282,Every Which Way But Dead (The Hollows  #3),9780060572990,,English,501,2005-06-28,HarperTorch
283,Men Are from Mars  Women Are from Venus,9780060574215,,English,368,2012-04-03,Harper Paperbacks
284,Sabriel (Abhorsen  #1),9780060575816,,United States English,311,2004-08-17,Eos
285,Slouching Toward Nirvana,9780060577049,,English,288,2006-01-03,Ecco
286,Cat Cross Their Graves (Joe Grey  #10),9780060578114,,English,385,2005-09-27,Avon
287,Cat Breaking Free (Joe Grey  #11),9780060578121,,English,375,2006-10-01,Avon
288,Slider,9780060580339,,United States English,416,2004-04-27,
289,Cookies: Bite-Size Life Lessons,9780060580810,Amy Krouse Rosenthal,English,40,2006-05-02,HarperCollins
290,I Dreamed I Married Perry Mason (A Cece Caruso Mystery  #1),9780060581060,,English,280,2005-03-29,Avon
291,The Black Dahlia Files: The Mob  the Mogul  and the Murder That Transfixed Los Angeles,9780060582500,,United States English,448,2006-09-05,Harper Paperbacks
292,Matilda,9780060582548,,English,5,2004-01-20,Festival Books
293,Like A Charm,9780060583316,,United States English,384,2015-05-26,
294,Metro Girl (Alex Barnaby  #1),9780060584023,,English,374,2005-09-27,HarperTorch
295,Motor Mouth (Alex Barnaby #2),9780060584030,,English,312,2006-10-03,HarperCollins
296,Her Master and Commander (Just Ask Reeves  #1),9780060584085,,English,372,2006-02-28,Avon
297,Mystic River,9780060584757,,English,416,2001-02-01,
298,The Way the Crow Flies,9780060586379,Ann-Marie MacDonald,United States English,848,2004-08-31,Harper Perennial
299,Great Short Works of Herman Melville,9780060586546,,English,512,2004-03-02,Harper Perennial Modern Classics
300,Measle and the Dragodon,9780060586904,,English,352,2006-09-01,HarperTrophy
301,The Day I Swapped My Dad for Two Goldfish,9780060587031,,United States English,64,2006-09-26,HarperCollins
302,Zen and the Art of Motorcycle Maintenance: An Inquiry Into Values (Phaedrus  #1),9780060589462,,English,540,2006-04-25,HarperTorch
303,Ulysses S. Grant: The Unlikely Hero,9780060590154,,English,176,2004-09-28,Eminent Lives
304,A Dirty Job (Grim Reaper  #1),9780060590277,,United States English,387,2006-03-21,
305,You Suck (A Love Story  #2),9780060590291,,English,328,2007-01-16,
306,El reino del dragón de oro,9780060591717,,Spanish,432,2004-09-07,HarperCollins Espanol
307,Quicksilver (The Baroque Cycle  #1),9780060593087,,English,927,2004-09-21,HarperCollins Perennial
308,When We Meet Again (Effingtons  #10),9780060593193,,English,384,2005-05-24,Avon
309,Let It Be Love (Effingtons  #11),9780060593209,,English,384,2005-10-25,Avon
310,Every Book Its Reader: The Power of the Printed Word to Stir the World,9780060593247,,English,400,2006-12-12,Harper Perennial
311,Flirting With Danger (Samantha Jellicoe  #1),9780060593636,,English,384,2005-03-01,Avon
312,Goat Girls (Weetzie Bat  #2-3),9780060594343,,United States English,240,2004-07-06,HarperTeen
313,Beautiful Boys (Weetzie Bat  #4-5),9780060594350,,United States English,304,2004-07-06,HarperTeen
314,Lost Horizon,9780060594527,,English,241,2004-06-15,Harper Perennial
315,The Doors of Perception & Heaven and Hell,9780060595180,Aldous Huxley,English,187,2004-05-04,Harper Perennial Modern Classics
316,Since You're Leaving Anyway  Take Out the Trash (Domestic Equalizers #1),9780060595364,,English,384,2004-08-31,Avon
317,Abarat: Days of Magic  Nights of War,9780060596385,,English,569,2006-09-26,HarperCollins
318,Outposts: Journeys to the Surviving Relics of the British Empire,9780060598617,,English,400,2004-06-15,Harper Perennial
319,Thanksgiving,9780060598808,,English,228,2006-10-31,HarperTorch
320,Manhunt,9780060598822,,English,219,2005-11-29,HarperTorch
321,Love Overboard,9780060598846,,English,244,2005-02-01,HarperTorch
322,Back to the Bedroom (Elsie Hawkins #1),9780060598853,,English,234,2014-02-25,Harper
323,Smitten (Elsie Hawkins #2),9780060598877,,English,234,2006-07-25,HarperTorch
324,The Rocky Road to Romance (Elsie Hawkins #4),9780060598891,,English,249,2011-11-29,Harper
325,Thomas Jefferson: Author of America,9780060598969,,English,188,2005-05-31,Atlas Books/HarperCollins Publishers
326,Muhammad: A Prophet for Our Time,9780060598976,,English,256,2006-10-17,Eminent Lives
327,Meeting Jesus Again for the First Time: The Historical Jesus and the Heart of Contemporary Faith,9780060609177,,United States English,160,2015-04-07,HarperOne
328,Reading the Bible Again for the First Time: Taking the Bible Seriously but Not Literally,9780060609191,,United States English,321,2015-04-07,HarperOne
329,Shadow of the Almighty: The Life and Testament of Jim Elliot,9780060622138,,English,272,2009-09-29,HarperOne
330,The Dance of the Dissident Daughter,9780060645892,,English,256,2002-08-20,HarperOne
331,Readings for Meditation and Reflection,9780060652852,,English,176,1996-01-05,HarperOne
332,The Screwtape Letters,9780060652890,,English,224,2001-03-06,HarperCollins
333,Mere Christianity,9780060652920,,English,227,2015-04-21,HarperOne
334,Embracing the Love of God: The Path and Promise of Christian Life,9780060667412,,English,192,1995-06-28,HarperOne
335,The Rise of Christianity,9780060677015,,English,272,1997-05-09,HarperOne
336,The Falls,9780060722296,,English,512,2005-08-02,Harper Perennial
337,Mutant Message Down Under,9780060723514,,English,187,2004-05-25,Harper Perennial
338,Crooked Little Vein,9780060723934,,United States English,288,2007-07-24,
339,The Collected Poetry  1968-1998,9780060724290,,English,512,2007-01-23,
340,Ready or Not (All-American Girl  #2),9780060724504,,English,238,2005-08-01,HarperCollins Publishers
341,A Little House Traveler: Writings from Laura Ingalls Wilder's Journeys Across America,9780060724917,,English,352,2006-02-07,HarperCollins
342,Darkest Hour (The Mediator  #4),9780060725143,,English,316,2004-12-28,HarperCollins
343,Great Short Works of Fyodor Dostoevsky,9780060726461,,English,768,2004-07-06,Harper Perennial Modern Classics
344,Cash,9780060727536,,English,310,2003-10-07,HarperOne
345,The Collected Letters of C.S. Lewis  Volume 1: Family Letters  1905-1931,9780060727635,,English,1072,2004-06-29,HarperOne
346,Touching the Void: The True Story of One Man's Miraculous Survival,9780060730550,,English,218,2004-02-03,Harper Perennial
347,Buddhism: A Concise Introduction,9780060730673,,English,256,2004-12-14,HarperOne
348,The Burglar Who Liked to Quote Kipling (Bernie Rhodenbarr  #3),9780060731250,,English,304,2005-03-01,HarperTorch
349,Anybody Out There? (Walsh Family  #4),9780060731304,,English,456,2006-05-09,
350,The Burglar Who Painted Like Mondrian (Bernie Rhodenbarr  #5),9780060731434,,English,311,2005-07-26,HarperTorch
351,The Burglar Who Traded Ted Williams (Bernie Rhodenbarr  #6),9780060731441,,English,384,2005-10-25,HarperTorch
352,Dogged Pursuit (Jack and Jamie #5),9780060732295,,English,320,2006-06-27,Avon
353,Ariel: The Restored Edition,9780060732608,,English,256,2018-03-06,Harper Perennial Modern Classics
354,The Neil Gaiman Audio Collection,9780060732981,,English,1,2004-08-31,HarperFestival
355,The Zebra Wall,9780060733032,,English,147,2005-02-15,Greenwillow Books
356,The Confusion (The Baroque Cycle  #2),9780060733353,,United States English,815,2005-06-14,
357,Bridge to Terabithia,9780060734015,,United States English,191,2008-07-01,HarperTeen
358,After the Wreck  I Picked Myself Up  Spread My Wings  and Flew Away,9780060735258,,English,292,2006-09-01,HarperCollins Publishers
359,Bloodsucking Fiends (A Love Story  #1),9780060735418,,English,300,2004-06-01,HarperCollins
360,Practical Demonkeeping (Pine Cove  #1),9780060735425,,English,256,2004-05-25,
361,Island of the Sequined Love Nun,9780060735449,,English,325,2004-05-25,Harper Perennial
362,The Lust Lizard of Melancholy Cove (Pine Cove  #2),9780060735456,,United States English,304,2004-05-25,
363,Weetzie Bat (Weetzie Bat  #1),9780060736255,,English,128,2004-07-06,HarperTeen
364,Love Overboard,9780060736958,,English,5,2005-01-25,HarperAudio
365,Behind the Curtain (Echo Falls  #2),9780060737047,,United States English,352,2006-04-25,HarperCollins
366,The Rocky Road to Romance (Elsie Hawkins  #4),9780060738259,,English,5,2004-08-31,HarperAudio
367,Catherine  Called Birdy,9780060739423,,English,224,2004-06-01,HarperTrophy
368,The Last Innocent Man,9780060739683,,English,352,2005-01-25,HarperTorch
369,One Hundred Years of Solitude,9780060740450,,English,458,2004-01-20,Harper Perennial
370,The Dance of Anger,9780060741044,,English,239,2005-05-03,
371,Alas  Babylon,9780060741877,,English,323,2005-07-05,Harper Perennial Modern Classics
372,Lilly's Big Day,9780060742362,,United States English,40,2006-03-28,Greenwillow Books
373,The Pursuit of Happyness,9780060744878,,English,320,2006-10-24,Amistad
374,Wicked: The Life and Times of the Wicked Witch of the West,9780060745905,,United States English,409,2004-03-02,
375,Crimes Against Nature: How George W. Bush and His Corporate Pals Are Plundering the Country and Hijacking Our Democracy,9780060746872,,English,256,2004-08-03,Harper
376,Son of a Witch (The Wicked Years  #2),9780060747220,,English,352,2006-09-26,
377,Conrad's Fate (Chrestomanci  #5),9780060747459,,English,400,2006-05-09,Greenwillow Books
378,This Rough Magic,9780060747473,,English,373,2004-11-30,HarperTorch
379,Airs Above the Ground,9780060747480,,English,384,2004-11-30,HarperTorch
380,When Nietzsche Wept,9780060748128,,English,310,2005-01-04,Harper Perennial
381,The Known World,9780060749910,,English,576,2004-06-15,Harper
382,One Hundred Years of Solitude,9780060750763,,English,560,2004-02-20,Harper
383,Battle Cry,9780060751869,,English,694,2005-06-28,Avon
384,Beauty,9780060753108,,English,325,2005-07-26,HarperCollins
385,Mating in Captivity: Reconciling the Erotic and the Domestic,9780060753634,,English,272,2006-09-05,Harper
386,Forgotten New York: Views of a Lost Metropolis,9780060754006,,English,384,2006-09-26,Collins Reference
387,Selected Writings,9780060754662,,English,160,2006-05-30,HarperCollins (SanFrancisco)
388,Letters of E.B. White,9780060757083,,English,736,2006-11-28,Harper
389,La telaraña de Carlota,9780060757403,,Spanish,224,2005-10-04,HarperCollins Espanol
390,Forest Mage (Soldier Son  #2),9780060757632,,English,718,2006-08-29,Harper Voyager
391,The Dead Beat: Lost Souls  Lucky Stiffs  and the Perverse Pleasures of Obituaries,9780060758769,,United States English,272,2007-01-30,Harper Perennial
392,The Last Kingdom (The Saxon Stories  #1),9780060759254,,English,6,2005-01-25,HarperAudio
393,Charms for the Easy Life,9780060760250,,English,272,2005-07-01,Harper Perennial
394,A Couple of April Fools (The Hamlet Chronicles #6),9780060760823,,English,240,2005-03-01,HarperCollins
395,Michael Tolliver Lives (Tales of the City  #7),9780060761356,,United States English,277,2007-06-12,Harper
396,What Christians Believe,9780060761530,,United States English,98,2005-02-22,HarperOne
397,The Known World,9780060762735,,United States English,14,2004-06-15,HarperAudio
398,How to Buy  Sell & Profit on eBay: Kick-Start Your Home-Based Business in Just Thirty Days,9780060762872,Adam Ginsberg,English,336,2005-05-03,
399,Psyche in a Dress,9780060763725,,English,116,2006-09-01,
400,You: The Owner's Manual: An Insider's Guide to the Body That Will Make You Healthier and Younger,9780060765316,,United States English,417,2005-01-01,Collins Publishers
401,The Catswold Portal,9780060765408,,English,432,2005-01-25,Harper Voyager
402,The Chronicles of Narnia (The Chronicles of Narnia  #1-7),9780060765453,,English,766,2005-10-15,HarperEntertainment
403,The Lion  the Witch and the Wardrobe (Chronicles of Narnia #2),9780060765484,,English,189,2005-10-25,HarperEntertainment
404,The Nightmare Room: The Nightmare Begins! (The Nightmare Room  #1-3),9780060766740,,United States English,432,2005-05-24,HarperCollins
405,A Quick Bite (Argeneau #1),9780060773755,,English,360,2020-03-31,Avon
406,A Bite to Remember (Argeneau #5),9780060774073,,English,362,2006-06-27,Avon
407,Bite Me If You Can (Argeneau #6),9780060774127,,English,384,2007-01-30,Avon
408,Goodnight Moon,9780060775858,,English,32,2007-01-23,HarperCollins
409,Brave New World / Brave New World Revisited,9780060776091,Aldous Huxley,English,340,2005-07-05,Harper Perennial Modern Classics
410,Their Eyes Were Watching God,9780060776534,,United States English,7,2004-11-23,Caedmon
411,Reading Like a Writer: A Guide for People Who Love Books and for Those Who Want to Write Them,9780060777050,,English,297,2007-04-10,Harper Perennial
412,The Cat's Pajamas,9780060777333,,English,234,2005-07-26,
413,Queen of the Scene,9780060778569,,United States English,32,2006-09-26,HarperCollins
414,How to be Idle,9780060779689,,United States English,289,2005-05-10,HarperCollins
415,Time For Kids: Butterflies!,9780060782139,,English,32,2006-02-21,HarperCollins
416,The Poisonwood Bible,9780060786502,,English,546,2005-07-05,Harper Perennial Modern Classics
417,A Long Shadow (Inspector Ian Rutledge  #8),9780060786717,,English,352,2006-01-03,
418,A False Mirror (Inspector Ian Rutledge  #9),9780060786731,,English,384,2007-01-09,
419,sex.lies.murder.fame.,9780060786809,,English,368,2006-01-10,Amistad
420,Essays and Stories by Marian Keyes: Bags  Trips  Make-up Tips  Charity  Glory  and the Darker Side of the Story,9780060787035,,English,368,2005-09-06,
421,Sleep  Pale Sister,9780060787110,,United States English,396,2005-08-30,
422,Zorro,9780060787219,,English,677,2005-05-03,HarperLargePrint
423,A Fistful of Charms (The Hollows  #4),9780060788193,,English,510,2006-06-27,HarperTorch
424,For a Few Demons More (The Hollows  #5),9780060788384,,English,456,2007-03-20,Harper Voyager
425,Dubliners,9780060789565,,English,8,2005-05-10,Caedmon
426,The Mysteries of Pittsburgh,9780060790592,,English,320,2005-07-05,Harper Perennial
427,The Patricia Cornwell CD Audio Treasury: All That Remains / Cruel & Unusual (Kay Scarpetta  #3  #4),9780060791216,,English,0,2005-07-26,HarperAudio
428,Everything Is Illuminated,9780060792176,,English,276,2005-08-23,Harper Perennial
429,Flight of the Nighthawks (The Darkwar Saga  #1),9780060792787,,United States English,368,2006-04-11,Harper Voyager
430,Into a Dark Realm (The Darkwar Saga  #2),9780060792800,,English,319,2007-03-27,Eos
431,The 3-Hour Diet: On the Go,9780060793197,,United States English,192,2005-10-18,
432,Lost in the City,9780060795283,,English,268,2004-11-30,Amistad Press
433,Focus: The Future of Your Company Depends on It,9780060799908,Al Ries,English,320,2005-09-27,Harper Business
434,The Best American Crime Writing 2006,9780060815523,,English,352,2006-09-05,Ecco
435,El bosque de los pigmeos,9780060816193,,Spanish,304,2005-09-06,HarperCollins Espanol
436,Missing Mom,9780060816223,,English,464,2006-08-22,Ecco
437,The Collected Letters of C.S. Lewis  Volume 3: Narnia  Cambridge  and Joy  1950 - 1963,9780060819224,,English,1840,2007-01-09,HarperOne
438,Touch Not the Cat,9780060823726,,English,372,2005-11-29,HarperTorch
439,Oracle Bones: A Journey Between China's Past and Present,9780060826581,,English,512,2006-04-25,Harper
440,Great Short Works,9780060830939,,United States English,576,1970-11-28,Harper Perennial
441,The Zahir,9780060832810,,English,336,2006-07-03,HarperOne
442,Odalisque (The Baroque Cycle  Vol. 1  Book 3),9780060833183,,United States English,464,2006-03-28,HarperTorch
443,Warrior Angel,9780060833251,,United States English,354,2007-02-27,Avon
444,Black Boy,9780060834005,,United States English,432,2005-11-29,Harper
445,The Sheltering Sky,9780060834821,,English,313,2005-09-20,Ecco Press
446,The King of Attolia (The Queen's Thief  #3),9780060835774,,English,387,2006-01-24,Greenwillow Books
447,Rat Bastards: The Life and Times of South Boston's Most Honorable Irish Mobster,9780060837167,,English,304,2006-03-14,
448,The Last Days of Henry VIII,9780060837334,,English,368,2005-09-20,
449,The Thorn Birds,9780060837556,,English,673,2005-09-06,Avon Books
450,Native Son,9780060837563,,English,504,2005-08-02,Harper Perennial Modern Classics
451,Fast Food Nation: The Dark Side of the All-American Meal,9780060838584,,English,399,2005-07-05,Harper Perennial
452,Krakatoa: The Day the World Exploded: August 27  1883,9780060838591,,English,464,2005-07-05,Harper Perennial
453,Walking the Bible: A Journey by Land Through the Five Books of Moses,9780060838638,,English,451,2005-08-02,
454,A People's History of the United States,9780060838652,,English,729,2005-08-02,Harper Perennial
455,Bel Canto,9780060838720,Ann Patchett,English,352,2005-08-02,Harper Perennial
456,Ahab's Wife  or The Star-Gazer,9780060838744,,English,704,2005-08-02,
457,Hit Parade (John Keller  #3),9780060840884,,English,295,2006-07-03,
458,The Queen of Attolia (The Queen's Thief  #2),9780060841829,,English,362,2006-01-24,Eos
459,The Curtain: An Essay in Seven Parts,9780060841867,,English,176,2007-01-30,Harper
460,Instead of Three Wishes,9780060842314,,English,160,2006-08-08,Greenwillow Books
461,Red Herrings and White Elephants: The Origins of the Phrases We Use Every Day,9780060843373,Albert Jack,United States English,272,2005-11-01,Harper
461,Red Herrings and White Elephants: The Origins of the Phrases We Use Every Day,9780060843373,Ann Page,United States English,272,2005-11-01,Harper
462,A Hard Day's Write: The Stories Behind Every Beatles Song,9780060844097,,English,224,2005-10-18,
463,The Lion  the Witch and the Wardrobe (Narnia),9780060845247,,United States English,189,2005-10-04,HarperCollins Publishers
464,The Mambo Kings Play Songs of Love,9780060845308,,United States English,448,2005-07-05,Harper Perennial
465,Ya Sé Que Te Quiero,9780060845988,,Spanish,40,2006-04-11,
466,Sex with the Queen: 900 Years of Vile Kings  Virile Lovers  and Passionate Politics,9780060846732,,United States English,336,2006-04-11,
467,The Bush Agenda: Invading the World  One Economy at a Time,9780060846879,Antonia Juhasz,English,400,2006-04-25,
468,Valentine Princess (The Princess Diaries  #7.75),9780060847180,,English,96,2006-12-12,HarperTeen
469,Brave New World,9780060850524,,English,259,2006-10-17,HarperCollins
470,Back to Wando Passo,9780060851897,,United States English,448,2006-05-23,
471,Queen of Babble (Queen of Babble  #1),9780060851989,,English,309,2006-05-23,
472,Animal  Vegetable  Miracle: A Year of Food Life,9780060852559,,English,370,2007-05-01,HarperCollins Publishers
473,Good Omens: The Nice and Accurate Prophecies of Agnes Nutter  Witch,9780060853976,,English,384,2007-08-07,
474,Dates from Hell,9780060854096,,English,416,2006-03-28,Avon
475,Continental Drift,9780060854942,,English,408,2007-03-13,Harper Perennial Modern Classics
476,Equal Rites (Discworld  #3; Witches  #1),9780060855901,,English,228,2005-09-13,Harper Perennial
477,The Color of Magic (Discworld  #1; Rincewind  #1),9780060855925,,English,228,2005-09-13,Harper
478,First They Killed My Father: A Daughter of Cambodia Remembers,9780060856267,,English,238,2006-04-04,Harper Perennial
479,The Homecoming,9780060859626,,United States English,56,2006-08-30,Collins Design
480,The Burglar Who Thought He Was Bogart (Bernie Rhodenbarr  #7),9780060872793,,United States English,400,2006-10-31,HarperTorch
481,Next,9780060872984,,English,431,2006-11-28,Harper
482,Missing You (1-800-Where-R-You  #5),9780060874308,,English,268,2006-12-26,HarperTempest
483,Lullabies for Little Criminals,9780060875077,,English,330,2006-10-17,Harper Perennial
484,Poor People,9780060878825,,English,434,2007-02-27,Ecco
485,How to Be Popular,9780060880125,,English,288,2006-08-31,HarperTempest
486,Blue Angel,9780060882037,,English,314,2006-02-28,Harper Perennial
487,The Annotated Charlotte's Web,9780060882600,,English,320,2006-10-31,HarperCollins
488,Charlotte's Web,9780060882617,,United States English,192,2006-10-31,HarperCollins
489,A Little Bit Wicked (Last Man Standing  #1),9780060882624,,English,359,2006-12-26,Avon
490,Charlotte's Web: Wilbur Finds a Friend,9780060882815,Aleksey Ivanov,English,32,2006-10-31,HarperCollins
491,The Autumn of the Patriarch,9780060882860,,English,255,2006-03-14,Harper Perennial Modern Classics
492,How to Make Money Like a Porn Star,9780060884055,,United States English,128,2006-09-26,
493,Little House in the Big Woods (Little House  #1),9780060885373,,English,198,2007-01-01,HarperTrophy
494,Farmer Boy (Little House  #2),9780060885380,,English,357,2007-01-01,HarperTrophy
495,Little House on the Prairie (Little House  #3),9780060885397,,English,309,2007-01-01,HarperTrophy
496,The Long Winter (Little House  #6),9780060885427,,English,422,2007-01-01,HarperTrophy
497,Little Town on the Prairie  (Little House  #7),9780060885434,,English,374,2007-01-01,HarperTrophy
498,The First Four Years  (Little House  #9),9780060885458,,English,126,2007-01-02,HarperTrophy
499,Laura Ingalls Wilder: A Biography,9780060885526,,English,256,2007-01-02,HarperCollins
500,Dumpy's Valentine,9780060885731,,English,24,2006-12-12,
501,The Alchemist,9780060887964,,English,192,2006-05-02,HarperOne
502,To Kill a Mockingbird,9780060888695,,English,11,2006-08-22,Caedmon
503,Wintersmith (Discworld  #35; Tiffany Aching  #3),9780060890315,,English,325,2006-10-01,HarperTempest
504,Mariel Hemingway's Healthy Living from the Inside Out: Every Woman's Guide to Real Beauty  Renewed Energy  and a Radiant Life,9780060890391,,English,288,2006-12-26,HarperOne
505,Eaters of the Dead,9780060891565,,English,304,2006-08-29,Avon
506,Genome: the Autobiography of a Species in 23 Chapters,9780060894085,,English,344,2006-05-30,Harper Perennial
507,Brave New World Revisited,9780060898526,Aldous Huxley,English,123,2006-09-05,Harper Perennial Modern Classics
508,The Zero,9780060898656,,English,336,2006-08-29,Harper
509,Welcome to the Monkey House,9780060898717,,United States English,9,2006-05-23,Caedmon
510,Pacto Con un Demonio,9780060898724,,Spanish,512,2008-07-01,HarperTorch
511,Kitchen Confidential: Adventures in the Culinary Underbelly,9780060899226,,English,312,2007-01-09,Ecco/Harper Perennial
512,The Dream and the Underworld,9780060906825,,United States English,256,1979-07-25,
513,The Crying of Lot 49,9780060913076,,English,152,2006-10-17,Harper Perennial
514,An American Childhood,9780060915186,Annie Dillard,English,255,2013-10-15,Harper Perennial
515,Holy the Firm,9780060915438,Annie Dillard,English,76,1998-12-30,Harper Perennial
516,Think on These Things,9780060916091,,English,258,1989-10-11,HarperOne
517,The Dance of Intimacy: A Woman's Guide to Courageous Acts of Change in Key Relationships,9780060916466,,English,255,1989-01-01,
518,Tell My Horse: Voodoo and Life in Haiti and Jamaica,9780060916497,,English,311,1990-02-28,HarperCollins
519,Jonah's Gourd Vine,9780060916510,,English,229,1990-01-22,Amistad
520,The Lost Continent: Travels in Small Town America,9780060920081,,English,299,1990-08-28,
521,Three by Annie Dillard: Pilgrim at Tinker Creek  An American Childhood  The Writing Life,9780060920647,Annie Dillard,United States English,617,1990-11-21,Harper Perennial
522,Declarations of Independence: Cross-Examining American Ideology,9780060921088,,English,341,1991-10-23,Harper Perennial
523,The Complete Stories,9780060921712,,English,336,1996-01-05,Amistad
524,Legends  Lies  Cherished Myths of World History,9780060922559,,English,320,2011-11-29,
525,Edgar A. Poe: Mournful and Never-ending Remembrance,9780060923310,,United States English,592,2008-12-23,Harper Perennial
526,The Infinite Plan,9780060924980,,English,384,1994-03-04,Harper Perennial
527,Soul Mates: Honouring the Mysteries of Love and Relationship,9780060925758,,English,288,2013-12-13,Harper Perennial
528,The Wit &  Wisdom of Winston Churchill,9780060925772,,English,256,2007-12-26,Harper Perennial
529,Cathedral  Forge  and Waterwheel: Technology and Invention in the Middle Ages,9780060925819,,English,368,1995-01-01,Harper Perennial
530,The Throne of the Third Heaven of the Nations Millennium General Assembly: Poems Collected and New,9780060926960,,English,225,1996-01-01,Harper Perennial
531,Success Stories,9780060927196,,United States English,192,1996-04-26,Harper Perennial
532,Testaments Betrayed: An Essay in Nine Parts,9780060927516,,English,288,1996-08-02,Harper Perennial
533,Mr. Ives' Christmas,9780060927547,,English,256,2003-12-23,Harper Perennial
534,Slowness,9780060928414,,English,156,1997-04-11,Harper Perennial
535,A Simple Habana Melody,9780060928698,,English,368,2003-06-17,Harper Perennial
536,Full Woman  Fleshly Apple  Hot Moon: Selected Poems,9780060928773,,English,288,1998-02-11,Harper Perennial
537,As Nature Made Him: The Boy Who Was Raised as a Girl,9780060929596,,English,320,2001-02-20,Harper Perennial
538,The Active Side of Infinity,9780060929602,,English,288,1999-12-22,Harper Perennial
539,Brave New World,9780060929879,,English,288,1998-09-01,HarperPerennial / Perennial Classics
540,You Can't Go Home Again,9780060930059,,English,711,1998-08-05,Harper Perennial
541,The Fifth Mountain,9780060930134,,United States English,256,2000-04-26,HarperOne
542,Aphrodite: A Memoir of the Senses,9780060930172,,English,320,1999-04-07,Harper Perennial
543,V.,9780060930219,,English,547,2005-07-05,Harper Perennial Modern Classics
544,Identity,9780060930318,,English,168,1999-04-21,Harper Perennial
545,The Poisonwood Bible,9780060930530,,English,546,1999-10-01,Harper Perennial
546,Cloudsplitter,9780060930868,,English,758,1999-01-27,Harper Perennial
547,Plato  Not Prozac!: Applying Eternal Wisdom to Everyday Problems,9780060931360,,English,320,2000-08-01,Harper Perennial
548,The Golden Notebook,9780060931407,,English,640,1999-02-03,Harper Perennial Modern Classics
549,The Crying of Lot 49,9780060931674,,English,152,1999-04-01,Harper Perennial
550,The Map That Changed the World: William Smith and the Birth of Modern Geology,9780060931803,,English,329,2002-07-30,
551,The Odyssey,9780060931957,,English,374,1999-06-01,Harper Perennial
552,Collected Novellas,9780060932664,,English,288,2008-01-08,Harper Perennial Modern Classics
553,Collected Stories,9780060932688,,English,352,2008-05-13,Harper Perennial Modern Classics
554,Everville (Book of the Art #2),9780060933159,,English,697,1999-11-03,HarperPerennial
555,The Great and Secret Show (Book of the Art #1),9780060933166,,English,658,1999-11-03,HarperPerennial
556,A Mulligan for Bobby Jobe: A Novel,9780060933524,,English,400,2002-05-07,Harper Perennial
557,Don Quixote,9780060934347,,English,940,2005-04-26,Ecco
558,In the Footsteps of Mr. Kurtz: Living on the Brink of Disaster in Mobutu's Congo,9780060934439,,English,338,2002-05-28,Harper Perennial
559,Every Tongue Got to Confess: Negro Folk-tales from the Gulf States,9780060934545,,English,320,2002-10-01,Amistad
560,A Green Desire,9780060934637,Alastair Westgarth,United States English,576,2001-12-04,Harper Perennial
560,A Green Desire,9780060934637,Anton Myrer,United States English,576,2001-12-04,Harper Perennial
561,Mike Nelson's Death Rat!,9780060934729,,English,336,2003-04-15,Dey Street Books
562,The Big War,9780060934736,Anton Myrer,United States English,512,2001-12-04,Harper Perennial
563,Middle Age: A Romance,9780060934903,,English,480,2002-10-01,Ecco
564,Kitchen Confidential: Adventures in the Culinary Underbelly,9780060934910,,English,302,2001-05-01,Ecco Press
565,Watership Down,9780060935450,,English,479,2001-05-15,HarperPerennial
566,To Kill a Mockingbird,9780060935467,,English,323,2005-07-05,Harper Perennial Modern Classics
567,One Matchless Time: A Life of William Faulkner,9780060935559,,United States English,528,2005-06-14,Harper Perennial
568,The Girl in the Glass,9780060936198,,English,304,2005-08-16,
569,The Best American Science Writing 2002,9780060936501,Alan Lightman,English,352,2002-09-03,Harper Perennial
570,Wittgenstein's Poker: The Story of a Ten-Minute Argument Between Two Great Philosophers,9780060936648,,English,368,2002-09-17,Ecco
571,Smart Discipline: Fast  Lasting Solutions for Your Child's Self-Esteem and Your Peace of Mind,9780060936662,,United States English,208,2004-03-02,
572,How to Go to College Almost for Free  Updated,9780060937652,,United States English,400,2001-09-18,Collins Reference
573,The Schopenhauer Cure,9780060938109,,English,358,2006-01-03,Harper Perennial Modern Classics
574,El plan infinito,9780060951276,,Spanish,336,2002-05-14,Harper Perennial
575,La casa de los espíritus,9780060951306,,Spanish,454,2001-09-18,HarperCollins Espanol
576,Creating a Life Worth Living,9780060952433,,English,336,1997-08-02,
577,African Nights,9780060954833,,English,336,2000-03-22,
578,Under the Volcano,9780060955229,,English,397,2000-04-26,Harper Perennial
579,The Autobiography of Mark Twain,9780060955427,,English,508,2000-11-28,Harper Perennial
580,Beauty: The Invisible Embrace,9780060957261,,United States English,261,2005-03-01,Harper Perennial
581,The Darling,9780060957353,,United States English,400,2005-10-11,Harper Perennial
582,The Making of a Philosopher: My Journey Through Twentieth-Century Philosophy,9780060957605,,English,256,2003-07-08,Harper Perennial
583,Tales of H.P. Lovecraft,9780060957902,,English,352,2000-09-19,Ecco
584,Five Quarters of the Orange,9780060958022,,English,307,2002-06-04,Harper Perennial
585,The Language Instinct: How the Mind Creates Language,9780060958336,,English,448,2000-11-07,Harper Perennial Modern Classics
586,Prodigal Summer,9780060959036,,English,444,2001-10-16,Harper Perennial
587,The End of Obscenity: The Trials of Lady Chatterley  Tropic of Cancer  and Fanny Hill,9780060970611,,English,528,1986-12-01,HarperCollins Publishers
588,Fear of Falling: The Inner Life of the Middle Class,9780060973339,,English,292,1990-09-26,Harper Perennial
589,Laura Ingalls Wilder Country: The People and places in Laura Ingalls Wilder's life and books,9780060973469,,English,120,1995-12-01,Harper Perennial
590,The Hidden Hand,9780060974367,,English,272,1992-05-01,Harper Perennial
591,Europe: A History,9780060974688,,English,1392,1998-01-20,Harper Perennial
592,Savage Inequalities: Children in America's Schools,9780060974992,,English,272,1992-06-12,Harper Perennial
593,Three Farmers on Their Way to a Dance,9780060975098,,English,352,1994-12-01,Harper Perennial
594,The Fourteen Sisters of Emilio Montez O'Brien,9780060975944,,English,496,2003-12-23,Harper Perennial
595,Fiskadoro,9780060976095,,United States English,221,2000-05-30,Harper Perennial
596,The Stars at Noon,9780060976101,,English,192,2000-05-30,Harper Perennial
597,Operation Wandering Soul,9780060976118,,English,352,2002-04-02,Harper Perennial
598,Prisoner's Dilemma,9780060977085,,United States English,352,2002-04-02,Harper Perennial
599,The Physics of Star Trek,9780060977108,,English,188,1996-08-16,
600,The God of Small Things,9780060977498,,United States English,321,1997-05-01,HarperCollins
601,Our Kind of People: Inside America's Black Upper Class,9780060984380,,United States English,406,1999-12-22,Harper Perennial
602,Girlfriend in a Coma,9780060987329,,English,288,1999-03-01,
603,The Long Hard Road Out of Hell,9780060987466,,English,275,1999-03-03,
604,Confessions of an Ugly Stepsister,9780060987527,,United States English,372,2000-10-03,
605,Running in Heels,9780060988258,Anna Maxted,English,432,2002-05-28,
606,Lost,9780060988647,,English,340,2002-09-17,
607,Mirror Mirror,9780060988654,,English,280,2004-10-01,
608,The Dirt: Confessions of the World's Most Notorious Rock Band,9780060989156,,English,431,2002-07-09,Dey Street Books
609,Life is Elsewhere,9780060997021,Aaron Asher,English,432,2000-07-25,Harper Perennial
610,Your Cheatin' Heart,9780061014093,,English,336,2000-02-02,HarperTorch
611,Cat Seeing Double (Joe Grey  #8),9780061015618,,English,384,2003-10-28,Avon
612,Cat Laughing Last (Joe Grey  #7),9780061015625,,English,368,2002-11-05,Avon
613,Well of Darkness (Sovereign Stone  #1),9780061020575,,English,562,2001-09-04,HarperTorch
614,Guardians of the Lost (Sovereign Stone  #2),9780061020582,,English,652,2002-09-03,HarperTorch
615,Journey Into the Void (Sovereign Stone  #3),9780061020599,,English,578,2004-07-27,Harper Voyager
616,Witches Abroad (Discworld  #12; Witches #3),9780061020612,,English,374,2002-07-30,HarperTorch
617,Wyrd Sisters (Discworld  #6; Witches #2),9780061020667,,English,265,2001-02-06,Hartorch
618,The Light Fantastic (Discworld  #2; Rincewind #2),9780061020704,,English,277,2000-02-02,HarperTorch
619,U.S.S. Seawolf (Admiral Arnold Morgan  #4),9780061030659,,English,496,2001-05-01,HarperTorch
620,Carpe Jugulum (Discworld #23; Witches #6),9780061051586,,English,296,1999-09-08,Harper Voyager
621,Realms of Dragons: The Universes of Margaret Weis and Tracy Hickman,9780061052392,,United States English,218,1999-10-01,HarperCollins Publishers
622,The Player of Games (Culture  #2),9780061053566,,English,293,1997-02-01,HarperPrism
623,My Soul to Keep (African Immortals  #1),9780061053665,,English,346,1998-04-08,Harper Voyager
624,Peril's Gate (Wars of Light & Shadow #6; Arc 3 - Alliance of Light  #3),9780061054679,,United States English,940,2003-01-01,HarperCollins Publishers
625,Fugitive Prince (Wars of Light and Shadow  #4),9780061054686,,English,704,1998-09-08,HarperCollins Publishers
626,The Dispossessed,9780061054884,,English,387,1994-10-20,Harper Voyager
627,Cat in the Dark (Joe Grey  #4),9780061059476,,United States English,320,1999-11-03,Avon
628,Treasure Box,9780061093982,,English,384,1997-10-01,Harper
629,Homebody,9780061093999,,English,430,1999-01-25,HarperTorch
630,Imajica: The Reconciliation,9780061094156,,English,544,1995-05-10,HarperTorch
631,Choke,9780061094224,,English,352,1996-09-12,HarperTorch
632,Dirt (Stone Barrington  #2),9780061094231,,United States English,448,1997-08-07,HarperTorch
633,Nimitz Class (Admiral Arnold Morgan  #1),9780061096846,,English,528,1998-01-23,HarperTorch
634,Kilo Class (Admiral Arnold Morgan  #2),9780061096853,,English,512,1999-03-03,HarperPaperbacks
635,A God in Ruins,9780061097935,,English,517,2000-09-05,Avon
636,H.M.S. Unseen (Admiral Arnold Morgan  #3),9780061098017,,English,544,2000-03-01,HarperTorch
637,Their Eyes Were Watching God,9780061120060,,English,219,2006-05-30,Amistad
638,A Tree Grows in Brooklyn,9780061120077,,English,496,2006-05-30,HarperCollins Publishers
639,One Hundred Years of Solitude,9780061120091,,English,448,2006-05-30,Harper Perennial Modern Classics
640,Daughter of Fortune,9780061120251,,English,432,2006-05-02,Harper Perennial
641,Brewer's Dictionary of Phrase and Fable,9780061121203,,United States English,1326,2006-08-15,Collins Reference
642,By the River Piedra I Sat Down and Wept,9780061122095,Alan R. Clarke,English,208,2006-05-23,HarperOne
643,Alphabet Weekends,9780061122187,,United States English,448,2007-01-23,
644,The Alchemist,9780061122415,,English,197,1993-05-01,HarperCollins
645,Essential Welty: Why I Live at the P.O.  A Memory  Powerhouse and Petrified Man,9780061124198,,English,1,2006-06-27,Caedmon
646,Veronika Decides to Die,9780061124266,,English,210,2006-06-01,Harper Perennial
647,Prince Caspian (Chronicles of Narnia  #4),9780061125256,,English,223,2006-09-01,HarperCollins Publishers
648,Black Girl/White Girl,9780061125645,,English,288,2006-10-17,Ecco
649,Goodnight Moon 123: A Counting Book (Over the Moon),9780061125935,,English,32,2007-07-01,HarperCollins Publishers
650,Metro Girl (Alex Barnaby  #1),9780061126529,,English,6,2006-07-25,HarperAudio
651,The Last Kingdom (The Saxon Stories  #1),9780061126574,,English,6,2006-07-25,HarperAudio
652,Charlotte's Web,9780061127762,,United States English,224,2006-10-31,HarperCollins
653,By Myself and Then Some,9780061127915,,English,512,2006-10-31,
654,The Art of Loving,9780061129735,,English,192,2019-08-06,Harper Perennial Modern Classics
655,Sacred Games (Sacred Games),9780061130359,,English,916,2007-01-09,HarperCollins
656,Runny Babbit Book and Abridged CD,9780061130472,,United States English,96,2006-09-26,HarperCollins
657,The Pinhoe Egg  (Chrestomanci  #6),9780061131240,,English,515,2006-10-03,Greenwillow Books
658,Factotum,9780061131271,,United States English,208,2006-08-15,Ecco
659,The White Masai,9780061131523,,English,320,2006-10-10,Amistad
660,Farewell Summer (Green Town  #3),9780061131547,,English,211,2006-10-17,
661,Mandy,9780061131622,,English,320,2006-08-15,HarperCollins
662,Dispatches from the Edge: A Memoir of War  Disasters  and Survival,9780061132384,Anderson Cooper,English,212,2006-05-23,Harper
663,My Heart May Be Broken  but My Hair Still Looks Great (Domestic Equalizers #2),9780061134234,,English,336,2006-08-29,
664,The Crusader: Ronald Reagan and the Fall of Communism,9780061136900,,English,432,2006-10-17,Harper
665,Sugarplums and Scandal  (Love at Stake #2.5; Bed-and-Breakfast Mysteries #22.5),9780061136955,,English,327,2006-10-31,Avon
666,The Spider's House,9780061137037,,English,432,2006-10-31,Ecco
667,Days: A Tangier Diary,9780061137365,,English,128,2006-06-13,Ecco
668,Howl: Original Draft Facsimile  Transcript & Variant Versions  Fully Annotated by Author  with Contemporaneous Correspondence,9780061137457,Allen Ginsberg,English,208,2006-10-10,Harper Perennial Modern Classics
669,Coraline,9780061139376,,English,162,2006-08-29,
670,Points in Time,9780061139635,,English,96,2006-10-31,Ecco
671,Coronado: Stories,9780061139673,,English,240,2006-08-08,
672,Cartas del diablo a su sobrino,9780061140044,,Spanish,144,2006-03-14,HarperOne
673,At the Edge (Psychic Triplet Trilogy  #1),9780061140501,,United States English,384,2007-05-29,Avon
674,Remind Me Again Why I Need A Man,9780061140532,,English,384,2007-05-01,Harper
675,Stardust,9780061142024,,English,248,2006-08-29,Harper Perennial
676,When the Heart Waits: Spiritual Direction for Life's Sacred Questions,9780061144899,,English,240,2016-10-11,HarperOne
677,The Dance of the Dissident Daughter: A Woman's Journey from Christian Tradition to the Sacred Feminine,9780061144905,,United States English,253,1996-12-26,HarperOne
678,The Gabriel Hounds,9780061145391,,English,322,2006-11-28,HarperTorch
679,The Pact,9780061150142,,English,512,2006-08-29,Avon
680,The OK Book,9780061152559,Amy Krouse Rosenthal,United States English,40,2007-04-24,HarperCollins
681,The Known World,9780061159176,,English,388,2006-08-29,Amistad
682,Inés of My Soul,9780061161537,,English,321,2006-11-07,Harper
683,Ines of My Soul,9780061161575,,English,528,2006-11-07,Harper
684,A Million Little Lies,9780061171468,,United States English,191,2006-03-28,
685,The Power of Art,9780061176104,,United States English,448,2006-11-10,Ecco
686,Ham on Rye,9780061177583,,English,288,2014-07-29,Ecco
687,Women,9780061177590,,English,291,2014-07-29,Ecco
688,Smithsonian Intimate Guide to Human Origins,9780061196676,,English,176,2007-02-06,Harper Perennial
689,My Secret: A PostSecret Book,9780061196683,,British English,144,2006-10-24,
690,The Secret Lives of Men and Women: A PostSecret Book,9780061198755,,British English,144,2007-01-09,
691,Las Crónicas de Narnia,9780061199004,,Spanish,816,2006-11-07,HarperCollins Espanol
692,To Kill a Mockingbird,9780061205699,,United States English,323,2006-10-17,Harper
693,The Complete C.S. Lewis Signature Classics,9780061208492,,English,746,2007-02-06,HarperOne
694,Five Quarters of the Orange,9780061214608,,English,336,2007-01-02,
695,The Roald Dahl Audio Collection,9780061214967,,United States English,4,2007-02-20,HarperCollins Publishers
696,Charlotte's Web,9780061228742,,English,179,2006-11-01,HarperEntertainment
697,Men Are from Mars  Women Are from Venus,9780061232053,,English,2,2007-04-03,HarperAudio
698,Freakonomics: A Rogue Economist Explores the Hidden Side of Everything,9780061234002,,English,320,2006-10-17,
699,The Gravedigger's Daughter,9780061236822,,English,582,2007-05-29,Ecco
700,Marley & Me: Life and Love with the World's Worst Dog,9780061238222,,United States English,306,2006-10-31,
701,The End of Days (The Earth Chronicles  #7),9780061238239,,English,336,2007-04-03,
702,The Maytrees,9780061239533,Annie Dillard,English,216,2007-06-12,Harper
703,Influence: The Psychology of Persuasion,9780061241895,,English,320,2006-12-26,Harper Business
704,Freakonomics: A Rogue Economist Explores the Hidden Side of Everything,9780061245138,,United States English,496,2006-12-08,Harper
705,El príncipe de la niebla (Trilogía de la Niebla  #1),9780061284380,,Spanish,230,2006-11-21,
706,The Blue and Brown Books,9780061312113,,United States English,208,1965-01-01,Harper & Row (NYC et al.)
707,The Essential Writings,9780061318313,,German,368,1977-04-21,Harper Perennial
708,El Alquimista: Edicion Illustrada: Edicion Illustrada,9780061351341,,English,192,2007-04-10,
709,Wicked: Memorias de una bruja mala (Los años malvados  #1),9780061351396,,Spanish,508,2007-05-01,
710,Owning Your Own Shadow: Understanding the Dark Side of the Psyche,9780062507549,,English,118,2009-06-09,HarperOne
711,The World's Religions,9780062508119,,English,416,1991-09-13,HarperOne
712,Muhammad: A Biography of the Prophet,9780062508867,,English,304,1993-09-10,HarperOne
713,The Enneagram Made Easy: Discover the 9 Types of People,9780062510266,,English,161,1994-03-11,HarperSanFrancisco
714,A Manual for Living,9780062511119,,English,96,1994-06-23,HarperOne
715,El alquimista: una fábula para seguir tus sueños,9780062511409,,English,192,2018-10-23,
716,The Pilgrimage: A Contemporary Quest for Ancient Wisdom,9780062512796,Alan R. Clarke,United States English,272,1995-05-01,HarperOne
717,The Valkyries,9780062513342,,United States English,212,1996-09-28,HarperOne
718,The Monk Who Sold His Ferrari: A Fable About Fulfilling Your Dreams and Reaching Your Destiny,9780062515674,,English,208,1999-04-21,HarperOne
719,Rainforest Home Remedies: The Maya Way To Heal Your Body and Replenish Your Soul,9780062516374,,English,221,2001-01-09,HarperOne
720,The Legacy of Luna: The Story of a Tree  a Woman  and the Struggle to Save the Redwoods,9780062516596,,English,262,2001-04-03,HarperOne
721,A Circle of Quiet (Crosswicks Journals #1),9780062545039,,Canadian English,246,1984-01-01,HarperOne
722,Bulfinch's Mythology,9780062700254,,English,768,1991-12-24,Collins Reference
723,A Hard Day's Write: The Stories Behind Every Beatles Song,9780062736987,,English,224,1999-11-01,HarperResource
724,Romanticism,9780064300896,,English,416,1979-08-15,
725,West from Home: Letters of Laura Ingalls Wilder  San Francisco  1915  (Little House #11),9780064400817,,English,124,1976-10-20,Harper & Row
726,A Stranger Came Ashore,9780064400824,,English,163,1977-04-06,HarperCollins Publishers
727,Betsy-Tacy (Betsy-Tacy  #1),9780064400961,,United States English,144,2007-08-14,HarperCollins
728,Betsy and Tacy Go Over the Big Hill (Betsy-Tacy  #3),9780064400992,,United States English,192,2000-04-05,HarperCollins
729,Mrs. Piggle-Wiggle (Mrs. Piggle Wiggle  #1),9780064401487,Alexandra Boiger,English,128,2007-08-14,HarperCollins
730,Hello  Mrs. Piggle-Wiggle (Mrs. Piggle Wiggle  #4),9780064401494,Alexandra Boiger,English,125,2007-08-14,HarperCollins
731,Mrs. Piggle-Wiggle's Magic (Mrs. Piggle Wiggle  #2),9780064401517,Alexandra Boiger,English,192,2007-08-14,HarperCollins
732,Let the Hurricane Roar,9780064401586,,United States English,118,1985-10-01,HarperTrophy
733,The Wish Giver: Three Tales of Coven Tree,9780064401685,Andrew Glass,English,192,2019-04-02,HarperCollins
734,Racso and the Rats of NIMH (Rats of NIMH  #2),9780064402453,,English,288,1988-09-01,HarperCollins
735,Child of the Owl (Golden Mountain Chronicles  #7),9780064403368,,English,288,2001-05-08,HarperCollins
736,R-T  Margaret  and the Rats of NIMH (Rats of NIMH  #3),9780064403870,,English,272,1991-09-30,HarperCollins
737,The Rainbow People,9780064404419,,English,208,1992-08-30,HarperCollins
738,Beauty: A Retelling of the Story of Beauty and the Beast,9780064404778,,English,256,1993-06-30,HarperCollins
739,Dragon's Gate (Golden Mountain Chronicles  #3),9780064404891,,United States English,352,2001-01-23,HarperCollins
740,Betsy's Wedding (Betsy-Tacy  #10),9780064405447,,United States English,260,1996-03-31,HarperTrophy
741,Betsy and the Great World (Betsy-Tacy  #9),9780064405454,,English,321,1996-03-31,HarperTrophy
742,Betsy and Joe (Betsy-Tacy  #8),9780064405461,,English,336,1995-03-31,HarperTrophy
743,Betsy Was a Junior (Betsy-Tacy  #7),9780064405478,,United States English,320,1995-03-31,HarperTrophy
744,Crazy Lady!,9780064405713,,English,192,1995-01-19,HarperCollins
745,Strawberry Girl,9780064405850,,English,208,2005-04-26,HarperCollins
746,Seven Spiders Spinning (The Hamlet Chronicles  #1),9780064405959,,English,144,1995-08-04,HarperCollins
747,American Dragons: Twenty-five Asian American Voices,9780064406031,Ann Tashi Slater,English,256,1995-09-07,HarperCollins Publishers
748,The Midwife's Apprentice,9780064406307,,English,128,1996-08-16,HarperTrophy
749,Winter on the Farm,9780064406925,,English,32,1997-09-06,
750,Down to the Bonny Glen (Little House: The Martha Years  #3),9780064407144,,English,321,2001-05-08,HarperTrophy
751,Six Haunted Hairdos (The Hamlet Chronicles  #2),9780064407205,,English,176,1999-08-18,HarperCollins
752,Monster,9780064407311,,English,281,2019-03-05,Amistad
753,Echo,9780064407441,,English,215,2001-08-06,HarperTeen
754,The Rose and the Beast: Fairy Tales Retold,9780064407458,,United States English,240,2001-08-07,
755,Kissing the Witch: Old Tales in New Skins,9780064407724,,English,228,1999-02-27,HarperTeen
756,Emily of Deep Valley (Deep Valley  #2),9780064408585,,English,304,2000-12-31,HarperTrophy
757,I Was a Teenage Fairy,9780064408622,,English,192,2000-05-03,HarperTeen
758,The Trumpet of the Swan,9780064408677,,English,252,2000-10-03,HarperCollins
759,The Good Liar,9780064408745,,English,144,2002-05-28,HarperCollins
760,Old Town in the Green Groves: Laura Ingalls Wilder's Lost Little House Years,9780064409902,,English,176,2004-06-01,Harper Trophy
761,Howl's Moving Castle (Howl's Moving Castle  #1),9780064410342,,English,329,2001-08-01,Harper Trophy
762,Four Stupid Cupids (The Hamlet Chronicles  #4),9780064410724,,English,224,2001-12-04,HarperCollins
763,Charlotte's Web,9780064410939,,English,184,2001-10-01,HarperCollinsPublishers
764,Little House Friends (Little House Chapter Books: Laura  #9),9780064420808,,English,80,1998-09-05,HarperCollins
765,Christmas Stories (Little House Chapter Books: Laura  #10),9780064420815,,English,80,1999-10-06,HarperCollins
766,Winter Days in the Big Woods,9780064433730,,English,32,1995-09-15,HarperCollins
767,Christmas in the Big Woods,9780064434874,,English,32,1997-09-20,HarperCollins
768,A Little House Birthday,9780064434942,,English,40,1998-09-05,HarperCollins
769,Summertime in the Big Woods,9780064434973,,English,40,2000-02-02,HarperCollins
770,The Deer in the Wood,9780064434980,,English,32,1999-01-16,HarperCollins
771,The Dragon Prince: A Chinese Beauty & the Beast Tale,9780064435185,,English,32,1999-01-09,HarperCollins
772,A Little Prairie House,9780064435260,,English,32,1999-03-21,HarperCollins
773,Grizzwold,9780064440578,,English,64,1984-09-05,HarperCollins
774,Chester,9780064440950,,English,64,1986-04-18,HarperCollins
775,Captain Cat,9780064441766,,English,48,1994-04-22,HarperCollins
776,The Little House Cookbook: Frontier Foods from Laura Ingalls Wilder's Classic Stories,9780064460903,,English,256,1989-09-07,HarperCollins
777,The Laura Ingalls Wilder Country Cookbook,9780064461962,,English,160,1997-10-01,HarperCollins Publishers
778,My Little House Crafts Book: 18 Projects from Laura Ingalls Wilder's,9780064462044,,English,64,1998-03-21,HarperCollins
779,Pioneer Girl: The Story of Laura Ingalls Wilder,9780064462341,,English,32,2000-02-02,HarperCollins
780,Dear Genius: The Letters of Ursula Nordstrom,9780064462358,,English,406,2000-03-31,HarperCollins
781,The Best Bug Parade,9780064467001,,United States English,40,1996-03-27,HarperCollins
782,Witch Baby (Weetzie Bat  #2),9780064470650,,English,128,1992-01-01,HarperTeen
783,The Chronicles of Chrestomanci  Vol. 1 (Chrestomanci  #1-2),9780064472685,,United States English,598,2007-04-10,Greenwillow Books
784,All-American Girl (All-American Girl  #1),9780064472777,,English,398,2003-07-22,HarperTrophy
785,The Time of the Ghost,9780064473545,,English,291,1981-01-01,HarperTrophy
786,A Light in the Attic (Book & CD),9780066236179,,United States English,176,2001-10-09,HarperCollins
787,The Die Broke Financial Problem Solver,9780066619910,,United States English,272,2000-12-26,
788,What Would Machiavelli Do?: The Ends Justify the Meanness,9780066620107,,English,176,2004-07-28,Harper Business
789,The Little Book of Coaching: Motivating People to Be Winners,9780066621036,,United States English,128,2001-01-23,Harper Business
790,Diez Cuentos de Eva Luna Con Guia de Comprension y Repaso de Gramatica,9780070013568,,English,256,1994-12-01,
791,Dear Genius...: A Memoir of My Life with Truman Capote,9780070183179,,English,275,1987-12-01,
792,Dracula Was a Woman: In Search of the Blood Countess of Transylvania,9780070456716,,English,254,1987-06-01,
793,Virgin,9780070488205,,English,210,1980-01-01,
794,Mission Possible,9780071348270,,English,242,1999-04-30,
795,Positioning: The Battle for Your Mind,9780071359160,Al Ries,United States English,246,2001-01-18,
796,Harrison's Principles of Internal Medicine,9780071391405,Anthony S. Fauci,English,2751,2004-07-27,
797,Crucial Conversations: Tools for Talking When Stakes Are High,9780071401944,Al Switzler,English,240,2002-07-09,
798,How to Talk to Anyone: 92 Little Tricks for Big Success in Relationships,9780071418584,,English,345,2003-10-10,Contemporary Books
799,Goodman & Gilman's the Pharmacological Basis of Therapeutics,9780071422802,,English,2021,2005-09-21,
800,Easy French Reader,9780071428484,,English,228,2003-09-17,
801,Advanced Statistics Demystified,9780071432429,,English,324,2004-06-07,
802,Slim to None: A Journey Through the Wasteland of Anorexia Treatment,9780071433716,,English,384,2004-02-04,
803,Practice Makes Perfect: Italian Verb Tenses,9780071451383,,English,252,2005-11-23,
804,Marketing Warfare,9780071460828,Al Ries,English,216,2005-12-13,
805,McGraw-Hill's SAT I (McGraw-Hill's SAT I),9780071462358,,English,890,2005-10-01,
806,The Complete Book of Home  Site and Office Security: Selecting  Installing and Troubleshooting Systems and Devices,9780071467445,,English,309,2006-08-01,
807,Sclerotherapy and vein treatment,9780071485425,,English,248,2011-12-30,
808,What to Sell on ebay and Where to Get It: The Definitive Guide to Product Sourcing for eBay and Beyond,9780072262780,,English,260,2006-01-24,
809,Pilgrim at Tinker Creek,9780072434170,Annie Dillard,English,288,2000-06-01,Harper Perennial
810,The Last Dance: Encountering Death and Dying,9780072920963,Albert Lee Strickland,English,664,2004-02-06,
811,Heat and Mass Transfer,9780073250359,,English,901,2006-01-04,
812,Complete Works of Tacitus,9780075536390,Alfred J. Church,English,773,1964-09-01,
813,The Philosophy of Hegel,9780075536550,,English,552,1965-02-01,
814,The Weekenders: Travels in the Heart of Africa,9780091881801,Alex Garland,English,340,2001-11-08,Ebury Press
814,The Weekenders: Travels in the Heart of Africa,9780091881801,Andrew O'Hagan,English,340,2001-11-08,Ebury Press
815,Who Moved My Cheese?,9780091883768,,English,96,2002-02-07,
816,How To Have A Beautiful Mind,9780091894603,,United States English,232,2004-06-03,
817,The Toy Maker: The Life and Times of Inventor Frank Hornby,9780091895815,Anthony Mcreavy,English,352,2004-08-01,Ebury Press
818,Darwin's Watch (The Science of Discworld  #3),9780091898243,,English,344,2006-08-03,Ebury Press
819,How to Win Friends and Influence People,9780091906818,,English,268,2006-04-06,
820,Surely You're Joking  Mr. Feynman!,9780099173311,,English,350,2006-12-17,
821,Timequake,9780099267546,,English,219,1998-08-06,
822,The Feast Of All Saints,9780099269472,,English,640,1997-12-04,Arrow
823,Blood And Gold (The Vampire Chronicles  #8),9780099271499,Anne Rice,English,752,2002-11-07,Arrow
824,An Imaginary Life,9780099273844,,English,156,1999-02-05,
825,The Great World,9780099273868,,English,336,1999-05-20,
826,The Risk Pool,9780099276494,,English,479,1998-06-04,
827,The Noonday Demon: An Anatomy of Depression,9780099277132,Andrew Solomon,British English,560,2002-04-04,
828,The Human Stain (The American Trilogy  #3),9780099282198,,English,384,2001-04-05,
829,Survivor,9780099282648,,English,289,2000-08-03,
830,Ali and Nino,9780099283225,,English,237,2000-10-05,
831,In Praise of Shadows,9780099283577,,English,73,2001-05-03,
832,Filth,9780099284291,,English,393,1999-07-01,
833,Gain,9780099284468,,English,355,2001-11-01,
834,A Star Called Henry,9780099284482,,English,342,2000-09-07,
835,The Moon And Sixpence,9780099284765,,English,215,1999-09-02,
836,A Moveable Feast,9780099285045,,English,192,2012-09-06,
837,Set This House On Fire,9780099285557,,English,567,2001-04-05,
838,The Confessions of Nat Turner,9780099285564,,English,480,2004-07-01,
839,Experience,9780099285823,,English,401,2001-04-05,
840,Hannibal (Hannibal Lecter  #3),9780099297703,,English,564,2000-05-18,Arrow
841,Operation Shylock: A Confession,9780099307914,,English,400,1994-06-16,
842,The Professor of Desire,9780099389019,,English,272,1995-10-05,
843,The Phantom Menace (Star Wars: Novelizations  #1),9780099409960,,English,336,2000-03-02,Arrow
844,Star by Star (Star Wars: The New Jedi Order  #9),9780099410386,,English,605,2002-10-03,Arrow
845,A Painted House,9780099416159,,English,466,2002-09-29,Arrow Books
846,The Agony and the Ecstasy,9780099416272,,English,777,1991-01-01,Arrow
847,Fury,9780099421863,,English,272,2002-09-05,
848,The Bridegroom,9780099422174,,English,225,2001-10-04,
849,Island: Collected Stories,9780099422327,Alistair MacLeod,English,448,2002-09-05,
850,Yeats Is Dead,9780099422341,Anthony Cronin,English,298,2002-06-06,
851,Choke,9780099422686,,British English,293,2002-08-01,
852,The Dying Animal,9780099422693,,English,156,2002-03-07,
853,Illusions: The Adventures of a Reluctant Messiah,9780099427865,,English,144,2001-03-12,Arrow Books Ltd
854,In the Pond,9780099428169,,British English,160,2002-01-03,
855,I Don't Know How She Does It (Kate Reddy  #1),9780099428381,,English,368,2003-05-01,
856,How to Travel with a Salmon & Other Essays,9780099428633,,English,229,2001-04-16,
857,The Trial,9780099428640,,English,255,2001-04-09,
858,Turtle Moon,9780099429166,Alice Hoffman,English,275,2002-04-04,
859,Atonement,9780099429791,,English,372,2002-05-02,
860,A Birthday for Frances,9780099432449,,English,32,2002-06-06,Harper Collins
861,The Whore's Child and Other Stories,9780099437529,,English,240,2003-11-01,
862,Angels,9780099440833,,English,209,2003-03-06,
863,Sputnik Sweetheart,9780099448471,,English,229,2002-10-03,
864,South of the Border  West of the Sun,9780099448570,,English,190,2006-12-01,
865,The Elephant Vanishes,9780099448754,Alfred Birnbaum,English,327,2003-12-01,
866,Dance Dance Dance,9780099448761,,English,393,2002-02-07,
867,One Step Behind  (Kurt Wallander  #7),9780099448877,,English,450,2003-04-03,
868,The Rings of Saturn,9780099448921,,English,304,1995-07-01,
869,Berlin Blues,9780099449232,,English,247,2004-11-04,
870,The Curious Incident of the Dog in the Night-Time,9780099450252,,English,272,2004-04-15,
871,Balzac And The Little Chinese Seamstress,9780099452249,,English,172,2002-04-17,
872,Hide-and-Seek with Angels: The Life of J.M. Barrie,9780099453239,,English,448,2006-05-16,Arrow
873,The Time of Our Singing,9780099453833,,English,631,2004-02-05,
874,The Atom Station,9780099455158,,British English,192,2004-03-04,
875,Haruki Murakami and the Music of Words,9780099455448,,English,462,2005-01-06,
876,The Spook's Apprentice (The Last Apprentice / Wardstone Chronicles  #1),9780099456452,,English,325,2005-06-30,
877,The Curious Incident of the Dog In the Night-time,9780099456766,,English,268,2004-04-01,
878,Human Traces,9780099458265,,English,793,2006-07-06,
879,Blood Canticle (The Vampire Chronicles #10),9780099460176,Anne Rice,English,400,2004-11-04,Arrow
880,Green Hills of Africa,9780099460954,,English,200,2004-03-04,
881,Open House,9780099461265,,British English,314,2003-09-29,Arrow Books
882,Visiting Mrs Nabokov and Other Excursions,9780099461876,,English,288,2005-04-07,
883,Money,9780099461883,,English,394,2005-04-07,
884,The Pure in Heart (Simon Serrailler  #2),9780099462101,,English,320,2006-06-01,
885,Like a Charm,9780099462255,,English,384,2004-06-03,Arrow
886,The White Lioness (Kurt Wallander  #3),9780099464693,,English,576,2003-09-04,
887,Bringing Down The House,9780099468233,,British English,320,2004-05-06,Arrow
888,The Cement Garden,9780099468387,,English,144,2004-08-05,
889,Earthly Powers,9780099468646,Anthony Burgess,English,649,2004-05-06,
890,The Witching Hour (Lives of the Mayfair Witches  #1),9780099471424,Anne Rice,English,1207,2004-11-04,Arrow
891,Lasher (Lives of the Mayfair Witches  #2),9780099471431,Anne Rice,English,400,2004-11-04,Arrow Books
892,Women Who Love Too Much,9780099474128,,English,314,2004-09-02,Arrow
893,The Nonesuch,9780099474388,,English,304,2005-01-06,Arrow
894,The Talisman Ring,9780099474395,,English,268,2005-01-06,Arrow
895,The Convenient Marriage,9780099474425,,English,272,2005-01-06,Arrow
896,Lady of Quality,9780099474463,,English,267,2005-06-02,Arrow
897,A Very Long Engagement,9780099474548,,English,320,2005-01-06,
898,False Colours,9780099476337,,English,303,2005-06-02,Arrow
899,Sprig Muslin,9780099476351,,English,268,2005-06-02,Arrow
900,Catch-22,9780099477310,,English,519,1994-10-06,
901,Grey Eminence,9780099477822,Aldous Huxley,United States English,320,2005-04-07,
902,The Quiet American,9780099478393,,English,198,2004-10-07,
903,The Heart of the Matter,9780099478423,,English,272,2004-10-07,
904,The End of the Affair,9780099478447,,English,160,2004-10-07,
905,Shake Hands with the Devil,9780099478935,,British English,563,2005-02-03,Arrow
906,Enduring Love,9780099481249,,English,245,2004-10-28,
907,For Whom The Bell Tolls,9780099481560,,British English,490,2005-05-05,
908,Skipping Christmas,9780099481683,,English,198,2004-11-06,Arrow
909,Just One More Day: A Memoir,9780099486831,,English,340,2006-01-05,Arrow Books
910,Watermelon (Walsh Family  #1),9780099489986,,English,520,2005-07-07,Arrow
911,The Invisible Writing,9780099490685,,English,544,2005-09-01,
912,No Wind of Blame (Inspector Hemingway #1),9780099493679,,English,352,2006-09-07,Arrow
913,Memoirs of a Geisha,9780099498186,,United States English,497,2005-12-01,
914,Light a Penny Candle,9780099498575,,English,832,2006-05-04,Arrow
915,Dublin 4,9780099498582,,United States English,256,2006-05-04,Arrow
916,Circle of Friends,9780099498599,,English,722,2006-06-01,Arrow
917,Victoria Line  Central Line,9780099498636,,English,432,2006-07-06,Arrow
918,The Lilac Bus,9780099498643,,English,196,2007-01-12,Dell
919,Firefly Summer,9780099498667,,English,928,2006-08-03,Arrow
920,Slow Learner: Early Stories,9780099532514,,English,208,1995-02-16,
921,Midnight's Children,9780099578512,,English,647,1995-05-01,
922,Sabbath's Theater,9780099582014,,English,451,1996-09-05,
923,The Moor's Last Sigh,9780099592419,,English,434,1996-07-04,
924,CivilWarLand in Bad Decline,9780099595816,,English,179,1997-02-06,
925,Five Patients,9780099601111,,English,235,1995-02-02,Arrow
926,The Abyss,9780099690603,,English,363,1989-10-05,
927,The Second Sex,9780099744214,,English,880,1997-08-07,
928,Sula,9780099760016,,English,189,2005-05-07,
929,Cry  the Beloved Country,9780099766810,,English,240,2002-08-01,
930,Memoirs of a Geisha,9780099771517,,English,497,1998-06-04,
931,American Pastoral (The American Trilogy  #1),9780099771814,,English,432,1998-03-05,
932,Deception,9780099801900,,English,208,2006-01-17,
933,Cross Stitch (Outlander  #1),9780099911708,,English,864,1994-03-03,Arrow Books
934,The Brothers Karamazov,9780099922803,Andrew R. MacAndrew,English,796,1992-01-16,
935,Ratner's Star,9780099928409,,English,448,1992-07-16,
936,Horizontal Gene Transfer,9780126801262,,English,445,2002-01-16,Academic Press
937,Object-Oriented Programming in C++,9780130158857,,English,640,1999-08-13,
938,Things Fall Apart: An Adapted Classic,9780130235015,,English,113,2000-04-17,Globe
939,Physics: for Scientists and Engineers with Modern Physics,9780130352996,,English,1440,2004-06-09,Benjamin-Cummings Publishing Company
940,Introduction to the Philosophies of Research and Criticism in Education and the Social Sciences,9780130422538,,English,360,2004-10-18,
941,Chemistry: The Central Science,9780130669971,,English,1046,2002-05-17,
942,C++ Programmer's Notebook,9780130887016,,English,528,2001-08-16,
943,World War II: A Short History,9780130977694,,United States English,343,2003-06-19,
944,Criminal Investigation: The Art and the Science,9780131198777,,United States English,536,2004-10-19,
945,The Choice: A Fable of Free Trade and Protectionism,9780131433540,,English,132,2006-09-01,
946,Astronomy Today,9780131445963,,English,2,2004-07-26,
947,Java: An Introduction to Problem Solving and Programming,9780131492028,,United States English,1060,2004-12-01,
948,Leadership in Organizations,9780131494848,,British English,542,2005-07-07,
949,Management Information Systems: Managing the Digital Firm,9780131538412,,United States English,736,2005-03-01,
950,The Comparative Study of Political Elites,9780131541955,,English,246,1976-01-01,
951,The Visual Arts: A History  Volume 2,9780131551138,,English,604,2005-05-27,
952,Organized Crime,9780131730366,,English,496,2006-07-01,
953,Relativity: The Special and the General Theory: The Masterpiece Science Edition,9780131862616,Albert Einstein,United States English,288,2005-04-01,
954,Astronomy: A Beginner's Guide to the Universe,9780131871656,,English,499,2006-02-24,Benjamin Cummings
955,The Visual Arts: A History,9780131935075,,English,936,2005-05-01,
956,Three Genres: Writing Fiction/Literary Nonfiction  Poetry  and Drama,9780132197380,,English,476,2006-07-01,
957,A World of Art,9780132221863,,English,592,2006-12-22,
958,Data Structures and Abstractions with Java,9780132370455,,English,998,2006-08-04,
959,Social Psychology,9780132382458,,English,633,2006-12-06,
960,Physics for Scientists and Engineers,9780132431064,,United States English,976,2000-01-20,
961,Philosophy of Religion,9780136626282,,United States English,160,1989-11-20,
962,Artificial Intelligence: A Modern Approach,9780137903955,,English,1132,2002-12-20,
963,Red  White  and Black: The Peoples of Early North America,9780139567568,,English,362,1999-07-14,
964,Big Money,9780140009378,,English,288,1991-09-03,
965,Under the Net,9780140014457,,English,252,1982-10-27,
966,Kiss Kiss,9780140018325,,English,231,1987-10-26,
967,A Severed Head,9780140020038,,English,204,1976-11-18,
968,An Unofficial Rose,9780140021547,,United States English,288,1973-01-06,
969,The Unicorn,9780140024760,,English,270,1987-01-06,
970,The Nice and the Good,9780140030341,,English,362,1978-12-14,
971,Bruno's Dream,9780140031768,,English,320,1976-11-18,
972,The Pearl/The Red Pony,9780140042320,,English,181,1976-09-30,
973,Montaillou: Cathars and Catholics in a French Village  1294-1324,9780140054712,,British English,400,1980-05-29,
974,My Uncle Oswald,9780140055771,,English,208,1986-05-01,
975,John Hammond on Record: An Autobiography,9780140057058,,English,432,1981-02-26,
976,Life With Jeeves (Jeeves  #6  2  & 4),9780140059021,,English,557,1983-09-29,
977,Life at Blandings,9780140059038,,United States English,608,1988-01-05,
978,The Mottled Lizard,9780140059588,,English,334,1986-03-25,
979,Before The Mayflower A History of Black America,9780140072143,,United States English,70,1984-05-01,
980,Greasy Lake & Other Stories,9780140077810,,English,240,1986-05-06,
981,Demon Box,9780140085303,,English,400,1987-08-04,
982,My Education: A Book of Dreams,9780140094541,,English,193,1996-06-01,
983,City of Glass (The New York Trilogy  #1),9780140097313,,English,203,1987-04-07,
984,Ghosts (The New York Trilogy  #2),9780140097351,,English,96,1987-07-07,
985,The Locked Room (The New York Trilogy  #3),9780140097368,,United States English,192,1988-01-05,
986,The Pigeon,9780140105834,,English,77,1989-06-29,
987,You Bright and Risen Angels,9780140110876,,English,635,1988-12-01,
988,Moon Palace,9780140115857,,English,320,1990-04-01,
989,The Satanic Verses,9780140118902,,English,560,1988-09-26,
990,Americana,9780140119480,,English,377,1989-07-06,
991,If the River Was Whiskey,9780140119503,,English,240,1990-05-01,
992,On Directing Film,9780140127225,,English,107,1992-01-01,
993,Love's Executioner  And Other Tales Of Psychotherapy,9780140128468,,English,270,1995-01-31,
994,East Is East,9780140131673,,English,384,1991-08-01,
995,The Ice-Shirt (Seven Dreams #1),9780140131963,,English,415,1993-08-01,
996,Montaillou: Cathars and Catholics in a French Village 1294-1324,9780140137002,,English,400,2002-12-05,
997,The History of Sexuality  Volume 2: The Use of Pleasure,9780140137347,,English,304,1998-07-30,
998,The Big Rock Candy Mountain,9780140139396,,English,563,1991-03-01,
999,The Spectator Bird,9780140139402,,English,214,1990-11-01,
1000,Sailor Song,9780140139976,,English,533,1993-07-01,
